paired_counts	distinct_minimizer_count	k2_taxon	source	rel_abun	abun_filter	species_microbial_read_pair_total	minimizer_threshold	minimizer_microbe_ratio	minimizer_filter	taxa_pass_filter	mtx_LIBID
870918	567284	Cutibacterium_acnes	non_contaminant	46.23808965087752	TRUE	1931933	19319.329999999998	293635.4418087998	TRUE	TRUE	MHS328
28740	44734	Cutibacterium_granulosum	non_contaminant	1.5258413496634813	TRUE	1931933	19319.329999999998	23155.04730236504	TRUE	TRUE	MHS328
93450	55113	Dermacoccus_nishinomiyaensis	non_contaminant	4.961373490816017	TRUE	1931933	19319.329999999998	28527.386819315165	TRUE	TRUE	MHS328
332521	455310	Staphylococcus_epidermidis	non_contaminant	17.653941942639197	TRUE	1931933	19319.329999999998	235675.87488800078	TRUE	TRUE	MHS328
156584	352990	Staphylococcus_capitis	non_contaminant	8.313233886419853	TRUE	1931933	19319.329999999998	182713.37567089542	TRUE	TRUE	MHS328
24166	76991	Moraxella_osloensis	non_contaminant	1.2830021592194742	TRUE	1931933	19319.329999999998	39851.79610265988	TRUE	TRUE	MHS328
216788	458043	Malassezia_restricta	non_contaminant	11.509537039347489	TRUE	1931933	19319.329999999998	237090.5202199041	TRUE	TRUE	MHS328
98745	394814	Malassezia_globosa	non_contaminant	5.242491443024373	TRUE	1931933	19319.329999999998	204362.15955729314	TRUE	TRUE	MHS328
61639	158817	Malassezia_arunalokei	non_contaminant	3.2724890379926	TRUE	1931933	19319.329999999998	82206.26698751976	TRUE	TRUE	MHS328
