paired_counts	distinct_minimizer_count	k2_taxon	source	rel_abun	abun_filter	species_microbial_read_pair_total	minimizer_threshold	minimizer_microbe_ratio	minimizer_filter	taxa_pass_filter	mtx_LIBID
1759060	2170792	Malassezia_globosa	non_contaminant	29.369827480271628	TRUE	6357208	63572.08	341469.3997742405	TRUE	TRUE	MHS378
1500199	1401854	Malassezia_restricta	non_contaminant	25.047801562241208	TRUE	6357208	63572.08	220514.09990045943	TRUE	TRUE	MHS378
418647	1334075	Malassezia_dermatis	non_contaminant	6.989863998461267	TRUE	6357208	63572.08	209852.3439849695	TRUE	TRUE	MHS378
14610	220161	Malassezia_japonica	non_contaminant	0.2439332254083252	TRUE	6357208	63572.08	34631.71253795691	TRUE	TRUE	MHS378
2169057	837853	Cutibacterium_acnes	non_contaminant	36.21526831653016	TRUE	6357208	63572.08	131795.75058736478	TRUE	TRUE	MHS378
47858	165979	Cutibacterium_granulosum	non_contaminant	0.7990524504853954	TRUE	6357208	63572.08	26108.788638031034	TRUE	TRUE	MHS378
71700	322126	Staphylococcus_capitis	non_contaminant	1.1971260959464007	TRUE	6357208	63572.08	50670.98638270134	TRUE	TRUE	MHS378
8213	104010	Staphylococcus_epidermidis	non_contaminant	0.1371268706556177	TRUE	6357208	63572.08	16360.955941664957	TRUE	TRUE	MHS378
