paired_counts	distinct_minimizer_count	k2_taxon	source	rel_abun	abun_filter	species_microbial_read_pair_total	minimizer_threshold	minimizer_microbe_ratio	minimizer_filter	taxa_pass_filter	mtx_LIBID
182139	86906	Cutibacterium_acnes	non_contaminant	29.386358356136093	TRUE	1387987	13879.87	62612.9783636302	TRUE	TRUE	MHS361
11833	47178	Staphylococcus_hominis	non_contaminant	1.909139604522691	TRUE	1387987	13879.87	33990.231896984624	TRUE	TRUE	MHS361
11734	58816	Staphylococcus_epidermidis	non_contaminant	1.893166916206309	TRUE	1387987	13879.87	42375.03665380151	TRUE	TRUE	MHS361
10962	58986	Staphylococcus_capitis	non_contaminant	1.7686122153957355	TRUE	1387987	13879.87	42497.51618711126	TRUE	TRUE	MHS361
51176	26634	Moraxella_osloensis	non_contaminant	8.256750477567246	TRUE	1387987	13879.87	19188.940530422835	TRUE	TRUE	MHS361
203415	105490	Malassezia_sympodialis	non_contaminant	32.819034281583974	TRUE	1387987	13879.87	76002.15275791488	TRUE	TRUE	MHS361
91805	142343	Malassezia_globosa	non_contaminant	14.81184495843874	TRUE	1387987	13879.87	102553.55417593969	TRUE	TRUE	MHS361
56744	48955	Malassezia_restricta	non_contaminant	9.155093190149207	TRUE	1387987	13879.87	35270.50325399301	TRUE	TRUE	MHS361
