paired_counts	distinct_minimizer_count	k2_taxon	source	rel_abun	abun_filter	species_microbial_read_pair_total	minimizer_threshold	minimizer_microbe_ratio	minimizer_filter	taxa_pass_filter	mtx_LIBID
3097717	1447366	Malassezia_restricta	non_contaminant	54.97832701178628	TRUE	5738035	57380.35	252240.70609537934	TRUE	TRUE	MHS389
54545	182051	Malassezia_arunalokei	non_contaminant	0.9680654646172916	TRUE	5738035	57380.35	31727.063358797917	TRUE	TRUE	MHS389
51628	528965	Malassezia_globosa	non_contaminant	0.9162945055873413	TRUE	5738035	57380.35	92185.73954324085	TRUE	TRUE	MHS389
1716708	785966	Cutibacterium_acnes	non_contaminant	30.46815890791496	TRUE	5738035	57380.35	136974.76575169025	TRUE	TRUE	MHS389
30298	125275	Cutibacterium_granulosum	non_contaminant	0.5377293509391273	TRUE	5738035	57380.35	21832.386871115286	TRUE	TRUE	MHS389
161991	291860	Corynebacterium_kefirresidentii	non_contaminant	2.8750186576005072	TRUE	5738035	57380.35	50864.10243227865	TRUE	TRUE	MHS389
391965	615764	Staphylococcus_capitis	non_contaminant	6.956600602048156	TRUE	5738035	57380.35	107312.69502538761	TRUE	TRUE	MHS389
129581	521292	Staphylococcus_epidermidis	non_contaminant	2.299805499506339	TRUE	5738035	57380.35	90848.52218573084	TRUE	TRUE	MHS389
