paired_counts	distinct_minimizer_count	k2_taxon	source	rel_abun	abun_filter	species_microbial_read_pair_total	minimizer_threshold	minimizer_microbe_ratio	minimizer_filter	taxa_pass_filter	mtx_LIBID
163744	94425	Rothia_kristinae	non_contaminant	6.377784321332143	TRUE	3680515	36805.15	25655.37703283372	TRUE	TRUE	MHS367
29683	49779	Cutibacterium_acnes	non_contaminant	1.1561447870462551	TRUE	3680515	36805.15	13525.00940765083	TRUE	TRUE	MHS367
115746	175634	Staphylococcus_hominis	non_contaminant	4.508275259288342	TRUE	3680515	36805.15	47719.95223494538	TRUE	TRUE	MHS367
57983	125771	Staphylococcus_epidermidis	non_contaminant	2.2584220997642763	TRUE	3680515	36805.15	34172.11993430267	TRUE	TRUE	MHS367
10854	43333	Staphylococcus_capitis	non_contaminant	0.4227603516693075	TRUE	3680515	36805.15	11773.624071631279	TRUE	TRUE	MHS367
1850047	1368877	Malassezia_globosa	non_contaminant	72.05882811173275	TRUE	3680515	36805.15	371925.3963100272	TRUE	TRUE	MHS367
203954	280706	Malassezia_furfur	non_contaminant	7.9439528988724835	TRUE	3680515	36805.15	76268.13095449957	TRUE	TRUE	MHS367
73484	104122	Malassezia_restricta	non_contaminant	2.8621818391438536	TRUE	3680515	36805.15	28290.06266786034	TRUE	TRUE	MHS367
61917	115709	Malassezia_obtusa	non_contaminant	2.4116503311505904	TRUE	3680515	36805.15	31438.2633952042	TRUE	TRUE	MHS367
