paired_counts	distinct_minimizer_count	k2_taxon	source	rel_abun	abun_filter	species_microbial_read_pair_total	minimizer_threshold	minimizer_microbe_ratio	minimizer_filter	taxa_pass_filter	mtx_LIBID
6015459	1478847	Malassezia_restricta	non_contaminant	77.69589010415879	TRUE	7862364	78623.64	188091.902130199	TRUE	TRUE	MHS355
253625	793207	Malassezia_sympodialis	non_contaminant	3.2758298456804837	TRUE	7862364	78623.64	100886.57813349775	TRUE	TRUE	MHS355
73075	380383	Malassezia_globosa	non_contaminant	0.9438393926982803	TRUE	7862364	78623.64	48380.23271372325	TRUE	TRUE	MHS355
58647	123671	Malassezia_arunalokei	non_contaminant	0.7574868130492787	TRUE	7862364	78623.64	15729.493063409427	TRUE	TRUE	MHS355
837952	643067	Cutibacterium_acnes	non_contaminant	10.823018909207107	TRUE	7862364	78623.64	81790.54035147699	TRUE	TRUE	MHS355
41754	85173	Corynebacterium_kefirresidentii	non_contaminant	0.5392962025689223	TRUE	7862364	78623.64	10833.001372106404	TRUE	TRUE	MHS355
381224	448419	Staphylococcus_capitis	non_contaminant	4.923903231502007	TRUE	7862364	78623.64	57033.609738750325	TRUE	TRUE	MHS355
80577	279235	Staphylococcus_epidermidis	non_contaminant	1.0407355011351258	TRUE	7862364	78623.64	35515.399694036045	TRUE	TRUE	MHS355
