paired_counts	distinct_minimizer_count	k2_taxon	source	rel_abun	abun_filter	species_microbial_read_pair_total	minimizer_threshold	minimizer_microbe_ratio	minimizer_filter	taxa_pass_filter	mtx_LIBID
191842	106379	Cutibacterium_acnes	non_contaminant	31.610045773452715	TRUE	1293522	12935.220000000001	82239.80728584438	TRUE	TRUE	MHS345
176264	53486	Cutibacterium_modestum	non_contaminant	29.04323927092018	TRUE	1293522	12935.220000000001	41349.12278260439	TRUE	TRUE	MHS345
35209	18599	Rothia_aeria	non_contaminant	5.801430873518294	TRUE	1293522	12935.220000000001	14378.572610284169	TRUE	TRUE	MHS345
27950	24200	Streptococcus_sanguinis	non_contaminant	4.605356383732464	TRUE	1293522	12935.220000000001	18708.611063437653	TRUE	TRUE	MHS345
25998	31572	Staphylococcus_hominis	non_contaminant	4.283722907487535	TRUE	1293522	12935.220000000001	24407.77968986998	TRUE	TRUE	MHS345
17485	26214	Staphylococcus_epidermidis	non_contaminant	2.8810252726140297	TRUE	1293522	12935.220000000001	20265.60043045267	TRUE	TRUE	MHS345
76098	76288	Malassezia_globosa	non_contaminant	12.538762436109948	TRUE	1293522	12935.220000000001	58976.963669732715	TRUE	TRUE	MHS345
56056	35383	Malassezia_restricta	non_contaminant	9.23641708216483	TRUE	1293522	12935.220000000001	27353.999390810513	TRUE	TRUE	MHS345
