paired_counts	distinct_minimizer_count	k2_taxon	source	rel_abun	abun_filter	species_microbial_read_pair_total	minimizer_threshold	minimizer_microbe_ratio	minimizer_filter	taxa_pass_filter	mtx_LIBID
91079	71089	Staphylococcus_hominis	non_contaminant	28.182738038140563	TRUE	774194	7741.9400000000005	91823.2381031111	TRUE	TRUE	MHS334
7666	14107	Staphylococcus_epidermidis	non_contaminant	2.3721041052315632	TRUE	774194	7741.9400000000005	18221.53103744023	TRUE	TRUE	MHS334
15261	18471	Blautia_hansenii	non_contaminant	4.722238553344493	TRUE	774194	7741.9400000000005	23858.3610826227	TRUE	TRUE	MHS334
15081	21010	[Ruminococcus]_gnavus	non_contaminant	4.666540831071902	TRUE	774194	7741.9400000000005	27137.90083622451	TRUE	TRUE	MHS334
79906	64304	Cutibacterium_acnes	non_contaminant	24.725456643964687	TRUE	774194	7741.9400000000005	83059.28488208381	TRUE	TRUE	MHS334
73420	71503	Malassezia_globosa	non_contaminant	22.718482051408998	TRUE	774194	7741.9400000000005	92357.98779117379	TRUE	TRUE	MHS334
25910	21930	Malassezia_furfur	non_contaminant	8.017377689349047	TRUE	774194	7741.9400000000005	28326.233476363803	TRUE	TRUE	MHS334
14850	12062	Malassezia_restricta	non_contaminant	4.595062087488745	TRUE	774194	7741.9400000000005	15580.07424495669	TRUE	TRUE	MHS334
