paired_counts	distinct_minimizer_count	k2_taxon	source	rel_abun	abun_filter	species_microbial_read_pair_total	minimizer_threshold	minimizer_microbe_ratio	minimizer_filter	taxa_pass_filter	mtx_LIBID
3003052	458165	Staphylococcus_hominis	non_contaminant	78.25163392731974	TRUE	4559827	45598.270000000004	100478.59271853954	TRUE	TRUE	MHS364
15259	53473	Staphylococcus_epidermidis	non_contaminant	0.39760939274343965	TRUE	4559827	45598.270000000004	11726.979992881308	TRUE	TRUE	MHS364
78859	126290	Streptococcus_sanguinis	non_contaminant	2.0548580576941418	TRUE	4559827	45598.270000000004	27696.226194546412	TRUE	TRUE	MHS364
264653	271704	Cutibacterium_acnes	non_contaminant	6.896160863603744	TRUE	4559827	45598.270000000004	59586.47115340121	TRUE	TRUE	MHS364
119525	87359	Arachnia_rubra	non_contaminant	3.114507023242652	TRUE	4559827	45598.270000000004	19158.402281490064	TRUE	TRUE	MHS364
54471	52216	Rothia_dentocariosa	non_contaminant	1.4193709438448066	TRUE	4559827	45598.270000000004	11451.311639674048	TRUE	TRUE	MHS364
54087	80749	Rothia_aeria	non_contaminant	1.4093649141696325	TRUE	4559827	45598.270000000004	17708.785881569627	TRUE	TRUE	MHS364
210116	425920	Malassezia_globosa	non_contaminant	5.475070133408518	TRUE	4559827	45598.270000000004	93407.05250440422	TRUE	TRUE	MHS364
37664	53098	Malassezia_restricta	non_contaminant	0.9814247439733215	TRUE	4559827	45598.270000000004	11644.740030707304	TRUE	TRUE	MHS364
