paired_counts	distinct_minimizer_count	k2_taxon	source	rel_abun	abun_filter	species_microbial_read_pair_total	minimizer_threshold	minimizer_microbe_ratio	minimizer_filter	taxa_pass_filter	mtx_LIBID
1286853	194327	Corynebacterium_ureicelerivorans	non_contaminant	82.32334443684593	TRUE	1830669	18306.690000000002	106150.81153392557	TRUE	TRUE	MHS363
11098	21012	Cutibacterium_acnes	non_contaminant	0.7099680200925172	TRUE	1830669	18306.690000000002	11477.771241005337	TRUE	TRUE	MHS363
234349	180989	Staphylococcus_hominis	non_contaminant	14.991917060791252	TRUE	1830669	18306.690000000002	98864.95046346444	TRUE	TRUE	MHS363
8611	27998	Staphylococcus_epidermidis	non_contaminant	0.5508681402970503	TRUE	1830669	18306.690000000002	15293.86251692687	TRUE	TRUE	MHS363
3074	21736	Staphylococcus_capitis	non_contaminant	0.19665180156464207	TRUE	1830669	18306.690000000002	11873.255077788503	TRUE	TRUE	MHS363
19184	64491	Malassezia_globosa	non_contaminant	1.2272505404086187	TRUE	1830669	18306.690000000002	35228.10513533577	TRUE	TRUE	MHS363
