paired_counts	distinct_minimizer_count	k2_taxon	source	rel_abun	abun_filter	species_microbial_read_pair_total	minimizer_threshold	minimizer_microbe_ratio	minimizer_filter	taxa_pass_filter	mtx_LIBID
4133953	692967	Cutibacterium_acnes	non_contaminant	79.391368174262	TRUE	5261298	52612.98	131710.27377654717	TRUE	TRUE	MHS390
16297	98841	Cutibacterium_granulosum	non_contaminant	0.3129791575124216	TRUE	5261298	52612.98	18786.428748191036	TRUE	TRUE	MHS390
292015	370756	Corynebacterium_kefirresidentii	non_contaminant	5.608063366324465	TRUE	5261298	52612.98	70468.54217343325	TRUE	TRUE	MHS390
31932	61087	Corynebacterium_tuberculostearicum	non_contaminant	0.6132447970599894	TRUE	5261298	52612.98	11610.63296547734	TRUE	TRUE	MHS390
135399	414686	Staphylococcus_capitis	non_contaminant	2.6002985180109452	TRUE	5261298	52612.98	78818.19277296211	TRUE	TRUE	MHS390
26394	242452	Staphylococcus_epidermidis	non_contaminant	0.5068891135413178	TRUE	5261298	52612.98	46082.16451529641	TRUE	TRUE	MHS390
475893	1212249	Malassezia_restricta	non_contaminant	9.139387016386994	TRUE	5261298	52612.98	230408.7318376568	TRUE	TRUE	MHS390
81755	936097	Malassezia_globosa	non_contaminant	1.5700810592396162	TRUE	5261298	52612.98	177921.30383034758	TRUE	TRUE	MHS390
13418	143627	Malassezia_arunalokei	non_contaminant	0.25768879766224906	TRUE	5261298	52612.98	27298.77684176034	TRUE	TRUE	MHS390
