paired_counts	distinct_minimizer_count	k2_taxon	source	rel_abun	abun_filter	species_microbial_read_pair_total	minimizer_threshold	minimizer_microbe_ratio	minimizer_filter	taxa_pass_filter	mtx_LIBID
1836791	1383012	Malassezia_restricta	non_contaminant	49.33960145612708	TRUE	3770494	37704.939999999995	366798.6210825425	TRUE	TRUE	MHS394
921914	1914926	Malassezia_globosa	non_contaminant	24.764314141796177	TRUE	3770494	37704.939999999995	507871.3823705859	TRUE	TRUE	MHS394
701428	878225	Malassezia_arunalokei	non_contaminant	18.841652626873884	TRUE	3770494	37704.939999999995	232920.40777680592	TRUE	TRUE	MHS394
4029	42856	Malassezia_furfur	non_contaminant	0.10822638736074817	TRUE	3770494	37704.939999999995	11366.149899721364	TRUE	TRUE	MHS394
200978	448242	Cutibacterium_acnes	non_contaminant	5.398640575574199	TRUE	3770494	37704.939999999995	118881.50465164513	TRUE	TRUE	MHS394
49413	72944	Dermacoccus_nishinomiyaensis	non_contaminant	1.3273245169165175	TRUE	3770494	37704.939999999995	19346.006120152957	TRUE	TRUE	MHS394
8199	98173	Staphylococcus_epidermidis	non_contaminant	0.22024029535139597	TRUE	3770494	37704.939999999995	26037.171787039046	TRUE	TRUE	MHS394
