paired_counts	distinct_minimizer_count	k2_taxon	source	rel_abun	abun_filter	species_microbial_read_pair_total	minimizer_threshold	minimizer_microbe_ratio	minimizer_filter	taxa_pass_filter	mtx_LIBID
4021525	889296	Cutibacterium_acnes	non_contaminant	55.7829103253851	TRUE	7392692	73926.92	120293.93352245704	TRUE	TRUE	MHS379
209997	317146	Cutibacterium_granulosum	non_contaminant	2.912885987181454	TRUE	7392692	73926.92	42899.93415118606	TRUE	TRUE	MHS379
429112	408930	Corynebacterium_kefirresidentii	non_contaminant	5.952248516556942	TRUE	7392692	73926.92	55315.43854390254	TRUE	TRUE	MHS379
350551	610741	Staphylococcus_capitis	non_contaminant	4.862522301234998	TRUE	7392692	73926.92	82614.1546272995	TRUE	TRUE	MHS379
22665	224597	Staphylococcus_epidermidis	non_contaminant	0.3143881145895782	TRUE	7392692	73926.92	30380.94918603399	TRUE	TRUE	MHS379
16834	76299	Streptococcus_pneumoniae	non_contaminant	0.233505824884225	TRUE	7392692	73926.92	10320.868230409165	TRUE	TRUE	MHS379
2021139	1423293	Malassezia_restricta	non_contaminant	28.03538846386347	TRUE	7392692	73926.92	192527.02533799596	TRUE	TRUE	MHS379
137419	1066959	Malassezia_globosa	non_contaminant	1.9061504663042246	TRUE	7392692	73926.92	144326.18050366497	TRUE	TRUE	MHS379
