paired_counts	distinct_minimizer_count	k2_taxon	source	rel_abun	abun_filter	species_microbial_read_pair_total	minimizer_threshold	minimizer_microbe_ratio	minimizer_filter	taxa_pass_filter	mtx_LIBID
1394677	446932	Staphylococcus_epidermidis	non_contaminant	46.97242299116916	TRUE	3344120	33441.200000000004	133647.1179263902	TRUE	TRUE	MHS370
820001	316749	Staphylococcus_pettenkoferi	non_contaminant	27.61745825390517	TRUE	3344120	33441.200000000004	94718.19193091156	TRUE	TRUE	MHS370
677190	300011	Staphylococcus_caprae	non_contaminant	22.8076143260338	TRUE	3344120	33441.200000000004	89712.98876834563	TRUE	TRUE	MHS370
27186	46732	Staphylococcus_hominis	non_contaminant	0.9156186639902463	TRUE	3344120	33441.200000000004	13974.378909847732	TRUE	TRUE	MHS370
14915	37864	Staphylococcus_capitis	non_contaminant	0.5023340091743737	TRUE	3344120	33441.200000000004	11322.560195208305	TRUE	TRUE	MHS370
35171	73866	Malassezia_globosa	non_contaminant	1.1845517557272476	TRUE	3344120	33441.200000000004	22088.322189395116	TRUE	TRUE	MHS370
