paired_counts	distinct_minimizer_count	k2_taxon	source	rel_abun	abun_filter	species_microbial_read_pair_total	minimizer_threshold	minimizer_microbe_ratio	minimizer_filter	taxa_pass_filter	mtx_LIBID
5404450	1541902	Malassezia_restricta	non_contaminant	57.16035073056882	TRUE	9581197	95811.97	160929.99653383603	TRUE	TRUE	MHS384
981057	1015084	Malassezia_arunalokei	non_contaminant	10.376182998580735	TRUE	9581197	95811.97	105945.42623432125	TRUE	TRUE	MHS384
43424	594323	Malassezia_globosa	non_contaminant	0.4592754249043326	TRUE	9581197	95811.97	62030.14091036851	TRUE	TRUE	MHS384
2514525	708563	Cutibacterium_acnes	non_contaminant	26.59495987950366	TRUE	9581197	95811.97	73953.4945372692	TRUE	TRUE	MHS384
244966	362733	Cutibacterium_granulosum	non_contaminant	2.5908912982939096	TRUE	9581197	95811.97	37858.83955835581	TRUE	TRUE	MHS384
102006	361935	Cutibacterium_modestum	non_contaminant	1.078869956539963	TRUE	9581197	95811.97	37775.551426403195	TRUE	TRUE	MHS384
41471	202674	Corynebacterium_kefirresidentii	non_contaminant	0.43861945344066827	TRUE	9581197	95811.97	21153.306836296135	TRUE	TRUE	MHS384
93884	489878	Staphylococcus_capitis	non_contaminant	0.9929673450561524	TRUE	9581197	95811.97	51129.102136194466	TRUE	TRUE	MHS384
29110	307018	Staphylococcus_epidermidis	non_contaminant	0.3078829131117613	TRUE	9581197	95811.97	32043.804130110257	TRUE	TRUE	MHS384
