paired_counts	distinct_minimizer_count	k2_taxon	source	rel_abun	abun_filter	species_microbial_read_pair_total	minimizer_threshold	minimizer_microbe_ratio	minimizer_filter	taxa_pass_filter	mtx_LIBID
4706075	730549	Cutibacterium_acnes	non_contaminant	77.48490253950827	TRUE	6123218	61232.17999999999	119308.01745095472	TRUE	TRUE	MHS415
38445	175497	Cutibacterium_granulosum	non_contaminant	0.6329918409994306	TRUE	6123218	61232.17999999999	28660.90999863144	TRUE	TRUE	MHS415
47762	371585	Staphylococcus_capitis	non_contaminant	0.7863950139111668	TRUE	6123218	61232.17999999999	60684.59427706151	TRUE	TRUE	MHS415
30385	333840	Staphylococcus_epidermidis	non_contaminant	0.5002850068609104	TRUE	6123218	61232.17999999999	54520.35188033482	TRUE	TRUE	MHS415
1205229	1477721	Malassezia_restricta	non_contaminant	19.84393610445839	TRUE	6123218	61232.17999999999	241330.78391133551	TRUE	TRUE	MHS415
27551	481423	Malassezia_globosa	non_contaminant	0.45362357163155975	TRUE	6123218	61232.17999999999	78622.54781717718	TRUE	TRUE	MHS415
10978	86518	Malassezia_arunalokei	non_contaminant	0.18075131825963714	TRUE	6123218	61232.17999999999	14129.498574115769	TRUE	TRUE	MHS415
7113	178051	Malassezia_sympodialis	non_contaminant	0.11711460437063208	TRUE	6123218	61232.17999999999	29078.0109413057	TRUE	TRUE	MHS415
