paired_counts	distinct_minimizer_count	k2_taxon	source	rel_abun	abun_filter	species_microbial_read_pair_total	minimizer_threshold	minimizer_microbe_ratio	minimizer_filter	taxa_pass_filter	mtx_LIBID
1803334	1383261	Malassezia_restricta	non_contaminant	55.49288588646159	TRUE	3473496	34734.96	398233.0769921716	TRUE	TRUE	MHS414
757624	1725700	Malassezia_globosa	non_contaminant	23.313896470007542	TRUE	3473496	34734.96	496819.342817726	TRUE	TRUE	MHS414
17008	47246	Malassezia_arunalokei	non_contaminant	0.5233767029052515	TRUE	3473496	34734.96	13601.858185528356	TRUE	TRUE	MHS414
331757	433398	Staphylococcus_capitis	non_contaminant	10.20895371741166	TRUE	3473496	34734.96	124772.85132903565	TRUE	TRUE	MHS414
50151	275202	Staphylococcus_epidermidis	non_contaminant	1.5432658176976288	TRUE	3473496	34734.96	79229.11095910288	TRUE	TRUE	MHS414
235583	510634	Cutibacterium_acnes	non_contaminant	7.249450482157095	TRUE	3473496	34734.96	147008.66216630163	TRUE	TRUE	MHS414
38035	115490	Cutibacterium_granulosum	non_contaminant	1.170427616121898	TRUE	3473496	34734.96	33248.92269920564	TRUE	TRUE	MHS414
16175	82311	Corynebacterium_kefirresidentii	non_contaminant	0.4977433072373262	TRUE	3473496	34734.96	23696.87484885545	TRUE	TRUE	MHS414
