paired_counts	distinct_minimizer_count	k2_taxon	source	rel_abun	abun_filter	species_microbial_read_pair_total	minimizer_threshold	minimizer_microbe_ratio	minimizer_filter	taxa_pass_filter	mtx_LIBID
2229685	665873	Cutibacterium_acnes	non_contaminant	76.93402544633214	TRUE	3064557	30645.570000000003	217281.97582880655	TRUE	TRUE	MHS433
6642	35044	Cutibacterium_avidum	non_contaminant	0.22917847005946493	TRUE	3064557	30645.570000000003	11435.258016085196	TRUE	TRUE	MHS433
17455	32989	Corynebacterium_kefirresidentii	non_contaminant	0.6022749465353749	TRUE	3064557	30645.570000000003	10764.68801200304	TRUE	TRUE	MHS433
385171	406870	Staphylococcus_epidermidis	non_contaminant	13.290108475048806	TRUE	3064557	30645.570000000003	132766.3345795167	TRUE	TRUE	MHS433
173551	275179	Staphylococcus_hominis	non_contaminant	5.988279532865131	TRUE	3064557	30645.570000000003	89794.05506244459	TRUE	TRUE	MHS433
26894	58311	Staphylococcus_warneri	non_contaminant	0.9279623266755872	TRUE	3064557	30645.570000000003	19027.546232620243	TRUE	TRUE	MHS433
6255	38462	Moraxella_osloensis	non_contaminant	0.21582525296927935	TRUE	3064557	30645.570000000003	12550.590509492888	TRUE	TRUE	MHS433
28714	96452	Malassezia_restricta	non_contaminant	0.9907604018800777	TRUE	3064557	30645.570000000003	31473.390770672562	TRUE	TRUE	MHS433
23811	151046	Malassezia_globosa	non_contaminant	0.8215851476341343	TRUE	3064557	30645.570000000003	49288.03739006975	TRUE	TRUE	MHS433
