paired_counts	distinct_minimizer_count	k2_taxon	source	rel_abun	abun_filter	species_microbial_read_pair_total	minimizer_threshold	minimizer_microbe_ratio	minimizer_filter	taxa_pass_filter	mtx_LIBID
1310468	1056477	Malassezia_restricta	non_contaminant	70.99402183776346	TRUE	2513726	25137.260000000002	420283.27669761935	TRUE	TRUE	MHS437
53488	202833	Malassezia_dermatis	non_contaminant	2.8976886425752415	TRUE	2513726	25137.260000000002	80690.1786431775	TRUE	TRUE	MHS437
50108	173065	Malassezia_sympodialis	non_contaminant	2.714578643848344	TRUE	2513726	25137.260000000002	68847.99695750451	TRUE	TRUE	MHS437
43749	132904	Malassezia_arunalokei	non_contaminant	2.370082643284928	TRUE	2513726	25137.260000000002	52871.31533031046	TRUE	TRUE	MHS437
8841	80572	Malassezia_globosa	non_contaminant	0.4789572481492617	TRUE	2513726	25137.260000000002	32052.817212377162	TRUE	TRUE	MHS437
370019	426969	Cutibacterium_acnes	non_contaminant	20.045614976014214	TRUE	2513726	25137.260000000002	169855.0279545185	TRUE	TRUE	MHS437
9212	54980	Staphylococcus_capitis	non_contaminant	0.4990560083645514	TRUE	2513726	25137.260000000002	21871.914440953387	TRUE	TRUE	MHS437
