paired_counts	distinct_minimizer_count	k2_taxon	source	rel_abun	abun_filter	species_microbial_read_pair_total	minimizer_threshold	minimizer_microbe_ratio	minimizer_filter	taxa_pass_filter	mtx_LIBID
1478751	599431	Staphylococcus_epidermidis	non_contaminant	59.89739173617055	TRUE	2668635	26686.350000000002	224620.8267522535	TRUE	TRUE	MHS436
711411	391109	Staphylococcus_hominis	non_contaminant	28.815982780346943	TRUE	2668635	26686.350000000002	146557.6970998282	TRUE	TRUE	MHS436
52836	127104	Staphylococcus_haemolyticus	non_contaminant	2.1401429921415485	TRUE	2668635	26686.350000000002	47628.84395955235	TRUE	TRUE	MHS436
39641	85302	Staphylococcus_pettenkoferi	non_contaminant	1.6056743196207721	TRUE	2668635	26686.350000000002	31964.656088224878	TRUE	TRUE	MHS436
9536	35735	Staphylococcus_capitis	non_contaminant	0.3862594362378266	TRUE	2668635	26686.350000000002	13390.740959329394	TRUE	TRUE	MHS436
140062	125221	Corynebacterium_tuberculostearicum	non_contaminant	5.67326648053088	TRUE	2668635	26686.350000000002	46923.2397836347	TRUE	TRUE	MHS436
5127	27175	Cutibacterium_acnes	non_contaminant	0.2076711545292929	TRUE	2668635	26686.350000000002	10183.108592969815	TRUE	TRUE	MHS436
27731	66184	Moraxella_osloensis	non_contaminant	1.1232550782624968	TRUE	2668635	26686.350000000002	24800.693987750292	TRUE	TRUE	MHS436
3712	47351	Malassezia_globosa	non_contaminant	0.1503560221596909	TRUE	2668635	26686.350000000002	17743.528058351927	TRUE	TRUE	MHS436
