paired_counts	distinct_minimizer_count	k2_taxon	source	rel_abun	abun_filter	species_microbial_read_pair_total	minimizer_threshold	minimizer_microbe_ratio	minimizer_filter	taxa_pass_filter	mtx_LIBID
553702	477452	Cutibacterium_acnes	non_contaminant	25.25046298428658	TRUE	3332352	33323.520000000004	143277.78097872014	TRUE	TRUE	MHS426
35527	106371	Staphylococcus_epidermidis	non_contaminant	1.6201371828939561	TRUE	3332352	33323.520000000004	31920.69745333026	TRUE	TRUE	MHS426
14846	47651	Staphylococcus_saccharolyticus	non_contaminant	0.6770218880638296	TRUE	3332352	33323.520000000004	14299.50977567796	TRUE	TRUE	MHS426
11591	51413	Staphylococcus_capitis	non_contaminant	0.528584177862579	TRUE	3332352	33323.520000000004	15428.442133364062	TRUE	TRUE	MHS426
865187	765392	Malassezia_restricta	non_contaminant	39.45510819535771	TRUE	3332352	33323.520000000004	229685.21932857033	TRUE	TRUE	MHS426
468747	738849	Malassezia_globosa	non_contaminant	21.376261549525523	TRUE	3332352	33323.520000000004	221719.9743604517	TRUE	TRUE	MHS426
243239	467574	Malassezia_dermatis	non_contaminant	11.092424022009824	TRUE	3332352	33323.520000000004	140313.50829684257	TRUE	TRUE	MHS426
