paired_counts	distinct_minimizer_count	k2_taxon	source	rel_abun	abun_filter	species_microbial_read_pair_total	minimizer_threshold	minimizer_microbe_ratio	minimizer_filter	taxa_pass_filter	mtx_LIBID
1335078	655510	Cutibacterium_acnes	non_contaminant	43.40077018050415	TRUE	3167987	31679.870000000003	206916.8844442859	TRUE	TRUE	MHS430
137008	224770	Cutibacterium_modestum	non_contaminant	4.4538616626822645	TRUE	3167987	31679.870000000003	70950.41741017245	TRUE	TRUE	MHS430
34894	37857	Corynebacterium_kefirresidentii	non_contaminant	1.134335577905195	TRUE	3167987	31679.870000000003	11949.859642732119	TRUE	TRUE	MHS430
680204	521439	Staphylococcus_epidermidis	non_contaminant	22.112099427793463	TRUE	3167987	31679.870000000003	164596.31936620953	TRUE	TRUE	MHS430
752718	898645	Malassezia_restricta	non_contaminant	24.469387502998867	TRUE	3167987	31679.870000000003	283664.358471168	TRUE	TRUE	MHS430
105325	478076	Malassezia_globosa	non_contaminant	3.4239094039910776	TRUE	3167987	31679.870000000003	150908.4475409779	TRUE	TRUE	MHS430
30935	96203	Malassezia_arunalokei	non_contaminant	1.0056362441249844	TRUE	3167987	31679.870000000003	30367.233198873604	TRUE	TRUE	MHS430
