paired_counts	distinct_minimizer_count	k2_taxon	source	rel_abun	abun_filter	species_microbial_read_pair_total	minimizer_threshold	minimizer_microbe_ratio	minimizer_filter	taxa_pass_filter	mtx_LIBID
1791158	978393	Malassezia_restricta	non_contaminant	60.307213062649325	TRUE	3155555	31555.550000000003	310054.1743053124	TRUE	TRUE	MHS405
923630	1128208	Malassezia_globosa	non_contaminant	31.098066837797	TRUE	3155555	31555.550000000003	357530.7671709097	TRUE	TRUE	MHS405
150226	314359	Malassezia_sympodialis	non_contaminant	5.058019108057222	TRUE	3155555	31555.550000000003	99620.82739803298	TRUE	TRUE	MHS405
35144	90495	Malassezia_arunalokei	non_contaminant	1.1832773523462186	TRUE	3155555	31555.550000000003	28677.998006689788	TRUE	TRUE	MHS405
41304	82101	Cutibacterium_acnes	non_contaminant	1.3906808491153029	TRUE	3155555	31555.550000000003	26017.927115832237	TRUE	TRUE	MHS405
15068	52621	Staphylococcus_epidermidis	non_contaminant	0.5073305015124294	TRUE	3155555	31555.550000000003	16675.671949942243	TRUE	TRUE	MHS405
13526	44766	Staphylococcus_capitis	non_contaminant	0.455412288522506	TRUE	3155555	31555.550000000003	14186.410948311786	TRUE	TRUE	MHS405
