paired_counts	distinct_minimizer_count	k2_taxon	source	rel_abun	abun_filter	species_microbial_read_pair_total	minimizer_threshold	minimizer_microbe_ratio	minimizer_filter	taxa_pass_filter	mtx_LIBID
1777373	1447551	Malassezia_restricta	non_contaminant	46.59755840185827	TRUE	4016656	40166.560000000005	360387.0981234141	TRUE	TRUE	MHS406
776897	1913712	Malassezia_globosa	non_contaminant	20.36798315813759	TRUE	4016656	40166.560000000005	476444.0868224712	TRUE	TRUE	MHS406
51322	473686	Malassezia_dermatis	non_contaminant	1.345513796091293	TRUE	4016656	40166.560000000005	117930.43765759378	TRUE	TRUE	MHS406
16261	58462	Malassezia_arunalokei	non_contaminant	0.4263161965285943	TRUE	4016656	40166.560000000005	14554.893423783366	TRUE	TRUE	MHS406
6016	64496	Malassezia_sympodialis	non_contaminant	0.15772204897091344	TRUE	4016656	40166.560000000005	16057.138077047175	TRUE	TRUE	MHS406
1085489	726639	Cutibacterium_acnes	non_contaminant	28.458369217983353	TRUE	4016656	40166.560000000005	180906.45551921797	TRUE	TRUE	MHS406
86152	328456	Staphylococcus_capitis	non_contaminant	2.25865524649969	TRUE	4016656	40166.560000000005	81773.49516612824	TRUE	TRUE	MHS406
6421	71707	Staphylococcus_epidermidis	non_contaminant	0.16833997281287155	TRUE	4016656	40166.560000000005	17852.412554124625	TRUE	TRUE	MHS406
8374	90025	Lactobacillus_iners	non_contaminant	0.21954196111742508	TRUE	4016656	40166.560000000005	22412.92259033385	TRUE	TRUE	MHS406
