paired_counts	distinct_minimizer_count	k2_taxon	source	rel_abun	abun_filter	species_microbial_read_pair_total	minimizer_threshold	minimizer_microbe_ratio	minimizer_filter	taxa_pass_filter	mtx_LIBID
1717060	660215	Cutibacterium_acnes	non_contaminant	62.137865970013465	TRUE	2938101	29381.010000000002	224708.0682386344	TRUE	TRUE	MHS427
146197	287355	Staphylococcus_epidermidis	non_contaminant	5.2906535538758455	TRUE	2938101	29381.010000000002	97802.96865220086	TRUE	TRUE	MHS427
14793	82952	Staphylococcus_capitis	non_contaminant	0.5353368264908677	TRUE	2938101	29381.010000000002	28233.20233034875	TRUE	TRUE	MHS427
548703	759897	Malassezia_restricta	non_contaminant	19.85675134901768	TRUE	2938101	29381.010000000002	258635.42471821085	TRUE	TRUE	MHS427
163528	504879	Malassezia_dermatis	non_contaminant	5.917836852727547	TRUE	2938101	29381.010000000002	171838.5446926433	TRUE	TRUE	MHS427
144853	508130	Malassezia_globosa	non_contaminant	5.242016178441266	TRUE	2938101	29381.010000000002	172945.0417123169	TRUE	TRUE	MHS427
15892	41571	Malassezia_equina	non_contaminant	0.5751080136951848	TRUE	2938101	29381.010000000002	14148.934975346321	TRUE	TRUE	MHS427
12281	60939	Malassezia_sympodialis	non_contaminant	0.44443125573814274	TRUE	2938101	29381.010000000002	20740.947979664415	TRUE	TRUE	MHS427
