paired_counts	distinct_minimizer_count	k2_taxon	source	rel_abun	abun_filter	species_microbial_read_pair_total	minimizer_threshold	minimizer_microbe_ratio	minimizer_filter	taxa_pass_filter	mtx_LIBID
2936940	1805887	Malassezia_furfur	non_contaminant	56.79760551719657	TRUE	5291479	52914.79	341282.0876734085	TRUE	TRUE	MHS425
163025	331390	Malassezia_globosa	non_contaminant	3.1527472946130906	TRUE	5291479	52914.79	62627.10293284732	TRUE	TRUE	MHS425
10243	63951	Malassezia_obtusa	non_contaminant	0.19808980548211555	TRUE	5291479	52914.79	12085.6569590468	TRUE	TRUE	MHS425
798534	507092	Staphylococcus_epidermidis	non_contaminant	15.442882430035699	TRUE	5291479	52914.79	95831.80808239058	TRUE	TRUE	MHS425
624798	446272	Staphylococcus_capitis	non_contaminant	12.082994658363255	TRUE	5291479	52914.79	84337.85714731175	TRUE	TRUE	MHS425
484424	407200	Staphylococcus_hominis	non_contaminant	9.36829600028003	TRUE	5291479	52914.79	76953.91023946235	TRUE	TRUE	MHS425
103979	242494	Staphylococcus_haemolyticus	non_contaminant	2.0108542306184605	TRUE	5291479	52914.79	45827.26303931283	TRUE	TRUE	MHS425
48944	57100	Corynebacterium_tuberculostearicum	non_contaminant	0.9465300634107842	TRUE	5291479	52914.79	10790.933876899067	TRUE	TRUE	MHS425
