paired_counts	distinct_minimizer_count	k2_taxon	source	rel_abun	abun_filter	species_microbial_read_pair_total	minimizer_threshold	minimizer_microbe_ratio	minimizer_filter	taxa_pass_filter	mtx_LIBID
1699867	1113906	Malassezia_restricta	non_contaminant	52.589704172143904	TRUE	3308023	33080.229999999996	336728.61403926153	TRUE	TRUE	MHS438
1068692	769012	Malassezia_arunalokei	non_contaminant	33.06270204147548	TRUE	3308023	33080.229999999996	232468.75853039717	TRUE	TRUE	MHS438
149151	484871	Malassezia_globosa	non_contaminant	4.614365104434309	TRUE	3308023	33080.229999999996	146574.25296015173	TRUE	TRUE	MHS438
106469	349579	Malassezia_sympodialis	non_contaminant	3.29388900043591	TRUE	3308023	33080.229999999996	105676.10926526206	TRUE	TRUE	MHS438
137836	221967	Cutibacterium_acnes	non_contaminant	4.26430683357676	TRUE	3308023	33080.229999999996	67099.5939266444	TRUE	TRUE	MHS438
32750	38949	Cutibacterium_modestum	non_contaminant	1.0132044516645788	TRUE	3308023	33080.229999999996	11774.101933390428	TRUE	TRUE	MHS438
29623	125446	Staphylococcus_capitis	non_contaminant	0.9164627624934297	TRUE	3308023	33080.229999999996	37921.74359126282	TRUE	TRUE	MHS438
7931	43923	Staphylococcus_epidermidis	non_contaminant	0.24536563377562673	TRUE	3308023	33080.229999999996	13277.71904850722	TRUE	TRUE	MHS438
