paired_counts	distinct_minimizer_count	k2_taxon	source	rel_abun	abun_filter	species_microbial_read_pair_total	minimizer_threshold	minimizer_microbe_ratio	minimizer_filter	taxa_pass_filter	mtx_LIBID
4740370	1795075	Malassezia_globosa	non_contaminant	83.2367142887495	TRUE	6714795	67147.95	267331.31837978674	TRUE	TRUE	MHS424
398242	361448	Malassezia_restricta	non_contaminant	6.992778110523057	TRUE	6714795	67147.95	53828.59789464906	TRUE	TRUE	MHS424
327384	410587	Malassezia_furfur	non_contaminant	5.748574155753236	TRUE	6714795	67147.95	61146.61728317842	TRUE	TRUE	MHS424
58107	90659	Malassezia_slooffiae	non_contaminant	1.02030764627579	TRUE	6714795	67147.95	13501.380161270747	TRUE	TRUE	MHS424
44775	89179	Malassezia_obtusa	non_contaminant	0.7862094904572342	TRUE	6714795	67147.95	13280.971347598848	TRUE	TRUE	MHS424
107728	165069	Cutibacterium_acnes	non_contaminant	1.8916086206136666	TRUE	6714795	67147.95	24582.880043247784	TRUE	TRUE	MHS424
18441	75625	Staphylococcus_hominis	non_contaminant	0.3238076876275121	TRUE	6714795	67147.95	11262.443604011738	TRUE	TRUE	MHS424
