paired_counts	distinct_minimizer_count	k2_taxon	source	rel_abun	abun_filter	species_microbial_read_pair_total	minimizer_threshold	minimizer_microbe_ratio	minimizer_filter	taxa_pass_filter	mtx_LIBID
3727079	1469418	Malassezia_restricta	non_contaminant	67.54846322800866	TRUE	5661414	56614.14	259549.64607781734	TRUE	TRUE	MHS407
295932	1511427	Malassezia_globosa	non_contaminant	5.363382911924072	TRUE	5661414	56614.14	266969.8771367012	TRUE	TRUE	MHS407
48049	223010	Malassezia_arunalokei	non_contaminant	0.8708256813559863	TRUE	5661414	56614.14	39391.21922544439	TRUE	TRUE	MHS407
1200660	584036	Cutibacterium_acnes	non_contaminant	21.76040214316382	TRUE	5661414	56614.14	103160.8004643363	TRUE	TRUE	MHS407
160194	393213	Cutibacterium_modestum	non_contaminant	2.903308064666088	TRUE	5661414	56614.14	69454.91002777751	TRUE	TRUE	MHS407
7952	61659	Cutibacterium_granulosum	non_contaminant	0.14411966571922002	TRUE	5661414	56614.14	10891.095404787568	TRUE	TRUE	MHS407
30906	151454	Corynebacterium_kefirresidentii	non_contaminant	0.560131085100379	TRUE	5661414	56614.14	26751.97397681922	TRUE	TRUE	MHS407
40298	254517	Staphylococcus_epidermidis	non_contaminant	0.7303488794206651	TRUE	5661414	56614.14	44956.43667818676	TRUE	TRUE	MHS407
6567	99891	Staphylococcus_capitis	non_contaminant	0.1190183406411114	TRUE	5661414	56614.14	17644.178645122935	TRUE	TRUE	MHS407
