paired_counts	distinct_minimizer_count	k2_taxon	source	rel_abun	abun_filter	species_microbial_read_pair_total	minimizer_threshold	minimizer_microbe_ratio	minimizer_filter	taxa_pass_filter	mtx_LIBID
2612418	407488	Staphylococcus_pettenkoferi	non_contaminant	30.94020553942403	TRUE	9002707	90027.06999999999	45262.83039090354	TRUE	TRUE	MHS598
1842811	544326	Staphylococcus_capitis	non_contaminant	21.825355326104606	TRUE	9002707	90027.06999999999	60462.48089602384	TRUE	TRUE	MHS598
382103	565754	Staphylococcus_hominis	non_contaminant	4.5254417008421095	TRUE	9002707	90027.06999999999	62842.653881771344	TRUE	TRUE	MHS598
273337	532511	Staphylococcus_epidermidis	non_contaminant	3.2372702077269206	TRUE	9002707	90027.06999999999	59150.09785390106	TRUE	TRUE	MHS598
440663	202288	Corynebacterium_tuberculostearicum	non_contaminant	5.218997799593791	TRUE	9002707	90027.06999999999	22469.686062203295	TRUE	TRUE	MHS598
1770092	1720372	Malassezia_furfur	non_contaminant	20.96410693223296	TRUE	9002707	90027.06999999999	191094.96732482797	TRUE	TRUE	MHS598
1012512	1700467	Malassezia_obtusa	non_contaminant	11.991698645137687	TRUE	9002707	90027.06999999999	188883.9656783232	TRUE	TRUE	MHS598
109505	820412	Malassezia_globosa	non_contaminant	1.2969238489378916	TRUE	9002707	90027.06999999999	91129.4791666551	TRUE	TRUE	MHS598
