paired_counts	distinct_minimizer_count	k2_taxon	source	rel_abun	abun_filter	species_microbial_read_pair_total	minimizer_threshold	minimizer_microbe_ratio	minimizer_filter	mtx_filter	taxa_pass_filter	mgx_LIBID	matched_mtx_LIBID
8721883	690110	Cutibacterium_acnes	non_contaminant	88.50681659785869	TRUE	9896311	19792.622000000003	69734.0655523053	TRUE	TRUE	TRUE	MHS461	MHS331
117881	313627	Cutibacterium_granulosum	non_contaminant	1.196217840502123	TRUE	9896311	19792.622000000003	31691.30396164793	TRUE	TRUE	TRUE	MHS461	MHS331
142674	436117	Corynebacterium_kefirresidentii	non_contaminant	1.4478090971047064	TRUE	9896311	19792.622000000003	44068.64335609501	TRUE	TRUE	TRUE	MHS461	MHS331
11974	55088	Corynebacterium_tuberculostearicum	non_contaminant	0.12150823646026436	TRUE	9896311	19792.622000000003	5566.5186754943325	TRUE	FALSE	TRUE	MHS461	MHS331
78174	703924	Staphylococcus_capitis	non_contaminant	0.7932841888295227	TRUE	9896311	19792.622000000003	71129.93922684927	TRUE	TRUE	TRUE	MHS461	MHS331
12715	247642	Staphylococcus_epidermidis	non_contaminant	0.12902766215068157	TRUE	9896311	19792.622000000003	25023.66791019401	TRUE	TRUE	TRUE	MHS461	MHS331
758120	1482517	Malassezia_restricta	non_contaminant	7.693153852117556	TRUE	9896311	19792.622000000003	149805.01320138382	TRUE	TRUE	TRUE	MHS461	MHS331
11055	189512	Malassezia_arunalokei	non_contaminant	0.11218252497646754	TRUE	9896311	19792.622000000003	19149.761966858154	TRUE	TRUE	TRUE	MHS461	MHS331
