paired_counts	distinct_minimizer_count	k2_taxon	source	rel_abun	abun_filter	species_microbial_read_pair_total	minimizer_threshold	minimizer_microbe_ratio	minimizer_filter	mtx_filter	taxa_pass_filter	mgx_LIBID	matched_mtx_LIBID
3011831	624434	Cutibacterium_acnes	non_contaminant	88.59689299265739	TRUE	3428618	6857.236000000001	182124.1094808462	TRUE	TRUE	TRUE	MHS451	MHS376
12836	18355	Cutibacterium_modestum	non_contaminant	0.37758749360563404	TRUE	3428618	6857.236000000001	5353.4689487134465	TRUE	FALSE	TRUE	MHS451	MHS376
25508	449289	Staphylococcus_capitis	non_contaminant	0.7503507157130347	TRUE	3428618	6857.236000000001	131040.8450285217	TRUE	TRUE	TRUE	MHS451	MHS376
2443	82090	Staphylococcus_epidermidis	non_contaminant	0.0718639955499037	FALSE	3428618	6857.236000000001	23942.591446466184	TRUE	TRUE	TRUE	MHS451	MHS376
197898	1485670	Malassezia_restricta	non_contaminant	5.821424883886551	TRUE	3428618	6857.236000000001	433314.53081095644	TRUE	TRUE	TRUE	MHS451	MHS376
148961	2197284	Malassezia_globosa	non_contaminant	4.381879918587477	TRUE	3428618	6857.236000000001	640865.7949062858	TRUE	TRUE	TRUE	MHS451	MHS376
