paired_counts	distinct_minimizer_count	k2_taxon	source	rel_abun	abun_filter	species_microbial_read_pair_total	minimizer_threshold	minimizer_microbe_ratio	minimizer_filter	mtx_filter	taxa_pass_filter	mgx_LIBID	matched_mtx_LIBID
15187869	956876	Cutibacterium_acnes	non_contaminant	94.50712132359895	TRUE	16220417	32440.834000000003	58992.07153552217	TRUE	TRUE	TRUE	MHS447	MHS379
96281	390090	Cutibacterium_granulosum	non_contaminant	0.5991123671238824	TRUE	16220417	32440.834000000003	24049.320063719693	TRUE	TRUE	TRUE	MHS447	MHS379
307300	454683	Corynebacterium_kefirresidentii	non_contaminant	1.9121865208833417	TRUE	16220417	32440.834000000003	28031.523480561566	TRUE	TRUE	TRUE	MHS447	MHS379
23682	62812	Corynebacterium_tuberculostearicum	non_contaminant	0.14736219065264985	TRUE	16220417	32440.834000000003	3872.4035269870064	TRUE	FALSE	TRUE	MHS447	MHS379
109682	743463	Staphylococcus_capitis	non_contaminant	0.6825006247430091	TRUE	16220417	32440.834000000003	45835.01151665829	TRUE	TRUE	TRUE	MHS447	MHS379
11266	252810	Staphylococcus_epidermidis	non_contaminant	0.07010313486583705	FALSE	16220417	32440.834000000003	15585.9124953446	TRUE	TRUE	TRUE	MHS447	MHS379
41	279	Streptococcus_pneumoniae	non_contaminant	2.551241371826131e-4	FALSE	16220417	32440.834000000003	17.20054422768539	FALSE	TRUE	TRUE	MHS447	MHS379
327360	1541124	Malassezia_restricta	non_contaminant	2.0370106719048837	TRUE	16220417	32440.834000000003	95011.36746361082	TRUE	TRUE	TRUE	MHS447	MHS379
7127	286188	Malassezia_globosa	non_contaminant	0.0443480420902557	FALSE	16220417	32440.834000000003	17643.689431658877	TRUE	TRUE	TRUE	MHS447	MHS379
