paired_counts	distinct_minimizer_count	k2_taxon	source	rel_abun	abun_filter	species_microbial_read_pair_total	minimizer_threshold	minimizer_microbe_ratio	minimizer_filter	mtx_filter	taxa_pass_filter	mgx_LIBID	matched_mtx_LIBID
10973397	615338	Cutibacterium_modestum	non_contaminant	61.522946477533665	TRUE	17880543	35761.085999999996	34413.83183944693	TRUE	TRUE	TRUE	MHS493	MHS411
6671120	929415	Cutibacterium_acnes	non_contaminant	37.4019967294726	TRUE	17880543	35761.085999999996	51979.126137276704	TRUE	TRUE	TRUE	MHS493	MHS411
7271	168325	Corynebacterium_kefirresidentii	non_contaminant	0.04076525654162948	FALSE	17880543	35761.085999999996	9413.863997307017	TRUE	TRUE	TRUE	MHS493	MHS411
15562	371731	Staphylococcus_epidermidis	non_contaminant	0.0872491985010092	FALSE	17880543	35761.085999999996	20789.693019949114	TRUE	TRUE	TRUE	MHS493	MHS411
13941	349756	Staphylococcus_capitis	non_contaminant	0.07816097393025122	FALSE	17880543	35761.085999999996	19560.70349765105	TRUE	TRUE	TRUE	MHS493	MHS411
154671	1403990	Malassezia_restricta	non_contaminant	0.8671713649498518	TRUE	17880543	35761.085999999996	78520.54604829395	TRUE	TRUE	TRUE	MHS493	MHS411
305	12151	Malassezia_globosa	non_contaminant	0.0017099990709939473	FALSE	17880543	35761.085999999996	679.5654919428342	FALSE	TRUE	TRUE	MHS493	MHS411
