paired_counts	distinct_minimizer_count	k2_taxon	source	rel_abun	abun_filter	species_microbial_read_pair_total	minimizer_threshold	minimizer_microbe_ratio	minimizer_filter	mtx_filter	taxa_pass_filter	mgx_LIBID	matched_mtx_LIBID
21817420	919148	Cutibacterium_acnes	non_contaminant	98.43511616559358	TRUE	22229492	44458.984000000004	41348.1333716488	TRUE	TRUE	TRUE	MHS471	MHS415
65626	284508	Cutibacterium_granulosum	non_contaminant	0.296089222900015	TRUE	22229492	44458.984000000004	12798.673042101007	TRUE	TRUE	TRUE	MHS471	MHS415
23370	51689	Cutibacterium_avidum	non_contaminant	0.1054399954160447	TRUE	22229492	44458.984000000004	2325.244319573295	TRUE	FALSE	TRUE	MHS471	MHS415
7251	203590	Staphylococcus_capitis	non_contaminant	0.032714822711242625	FALSE	22229492	44458.984000000004	9158.553870686743	TRUE	TRUE	TRUE	MHS471	MHS415
5257	147480	Staphylococcus_epidermidis	non_contaminant	0.02371835925982657	FALSE	22229492	44458.984000000004	6634.429612696503	TRUE	TRUE	TRUE	MHS471	MHS415
239614	1573865	Malassezia_restricta	non_contaminant	1.0810825443568735	TRUE	22229492	44458.984000000004	70800.76323831422	TRUE	TRUE	TRUE	MHS471	MHS415
2759	112366	Malassezia_globosa	non_contaminant	0.012447965226909172	FALSE	22229492	44458.984000000004	5054.816367373577	TRUE	TRUE	TRUE	MHS471	MHS415
2003	48039	Malassezia_arunalokei	non_contaminant	0.009037069354657147	FALSE	22229492	44458.984000000004	2161.0480347459134	TRUE	TRUE	TRUE	MHS471	MHS415
965	40000	Malassezia_sympodialis	non_contaminant	0.004353855180850797	FALSE	22229492	44458.984000000004	1799.4113405740445	FALSE	TRUE	TRUE	MHS471	MHS415
