paired_counts	distinct_minimizer_count	k2_taxon	source	rel_abun	abun_filter	species_microbial_read_pair_total	minimizer_threshold	minimizer_microbe_ratio	minimizer_filter	mtx_filter	taxa_pass_filter	mgx_LIBID	matched_mtx_LIBID
86743	1238524	Malassezia_restricta	non_contaminant	13.31995344166234	TRUE	669111	1338.222	1850999.3110261227	TRUE	TRUE	TRUE	MHS455	MHS333
47749	1373295	Malassezia_globosa	non_contaminant	7.332170398602021	TRUE	669111	1338.222	2052417.311925824	TRUE	TRUE	TRUE	MHS455	MHS333
1805	44198	Malassezia_arunalokei	non_contaminant	0.27716952332984246	TRUE	669111	1338.222	66054.81003899203	TRUE	TRUE	TRUE	MHS455	MHS333
493702	683135	Cutibacterium_acnes	non_contaminant	75.81116233074232	TRUE	669111	1338.222	1020959.1532645555	TRUE	TRUE	TRUE	MHS455	MHS333
298	5929	Corynebacterium_segmentosum	non_contaminant	0.045759843740882586	FALSE	669111	1338.222	8861.011102791614	TRUE	TRUE	TRUE	MHS455	MHS333
19563	397974	Staphylococcus_capitis	non_contaminant	3.0040262520231074	TRUE	669111	1338.222	594780.2382564328	TRUE	TRUE	TRUE	MHS455	MHS333
671	6285	Staphylococcus_epidermidis	non_contaminant	0.103036426678296	TRUE	669111	1338.222	9393.060344247815	TRUE	FALSE	TRUE	MHS455	MHS333
695	22230	Moraxella_osloensis	non_contaminant	0.10672178322118589	TRUE	669111	1338.222	33223.18718418917	TRUE	FALSE	TRUE	MHS455	MHS333
