paired_counts	distinct_minimizer_count	k2_taxon	source	rel_abun	abun_filter	species_microbial_read_pair_total	minimizer_threshold	minimizer_microbe_ratio	minimizer_filter	mtx_filter	taxa_pass_filter	mgx_LIBID	matched_mtx_LIBID
14843690	577048	Corynebacterium_tuberculostearicum	non_contaminant	72.73556815142642	TRUE	21355152	42710.304000000004	27021.48877235807	TRUE	TRUE	TRUE	MHS547	MHS434
348510	167647	Corynebacterium_kefirresidentii	non_contaminant	1.7077339163276533	TRUE	21355152	42710.304000000004	7850.424103747891	TRUE	FALSE	TRUE	MHS547	MHS434
39524	581721	Cutibacterium_acnes	non_contaminant	0.19367155980871187	TRUE	21355152	42710.304000000004	27240.31184605944	TRUE	FALSE	TRUE	MHS547	MHS434
2744773	725850	Staphylococcus_epidermidis	non_contaminant	13.449662691803397	TRUE	21355152	42710.304000000004	33989.45603384139	TRUE	TRUE	TRUE	MHS547	MHS434
2188012	629836	Staphylococcus_hominis	non_contaminant	10.72147801133942	TRUE	21355152	42710.304000000004	29493.398127065542	TRUE	TRUE	TRUE	MHS547	MHS434
60256	575736	Staphylococcus_capitis	non_contaminant	0.29526043689489273	TRUE	21355152	42710.304000000004	26960.051607218717	TRUE	TRUE	TRUE	MHS547	MHS434
51528	82165	Staphylococcus_haemolyticus	non_contaminant	0.2524923624588428	TRUE	21355152	42710.304000000004	3847.549293959603	TRUE	FALSE	TRUE	MHS547	MHS434
49967	159907	Staphylococcus_warneri	non_contaminant	0.24484330606623583	TRUE	21355152	42710.304000000004	7487.982291111765	TRUE	FALSE	TRUE	MHS547	MHS434
81486	983557	Moraxella_osloensis	non_contaminant	0.399289563874423	TRUE	21355152	42710.304000000004	46057.129445859246	TRUE	FALSE	TRUE	MHS547	MHS434
