paired_counts	distinct_minimizer_count	k2_taxon	source	rel_abun	abun_filter	species_microbial_read_pair_total	minimizer_threshold	minimizer_microbe_ratio	minimizer_filter	mtx_filter	taxa_pass_filter	mgx_LIBID	matched_mtx_LIBID
331065	1274923	Malassezia_arunalokei	non_contaminant	34.34195171287052	TRUE	986757	1973.514	1292033.3982936023	TRUE	FALSE	TRUE	MHS517	MHS357
149568	2122950	Malassezia_globosa	non_contaminant	15.514950338424832	TRUE	986757	1973.514	2151441.540318437	TRUE	TRUE	TRUE	MHS517	MHS357
63546	993930	Malassezia_restricta	non_contaminant	6.591737766136771	TRUE	986757	1973.514	1007269.2669015776	TRUE	TRUE	TRUE	MHS517	MHS357
286221	661737	Cutibacterium_acnes	non_contaminant	29.690205129535023	TRUE	986757	1973.514	670617.9940958108	TRUE	FALSE	TRUE	MHS517	MHS357
129971	543180	Staphylococcus_capitis	non_contaminant	13.482119239646275	TRUE	986757	1973.514	550469.8725218063	TRUE	TRUE	TRUE	MHS517	MHS357
3407	22562	Staphylococcus_epidermidis	non_contaminant	0.35341407121184615	TRUE	986757	1973.514	22864.798526891627	TRUE	TRUE	TRUE	MHS517	MHS357
108	557	Staphylococcus_hominis	non_contaminant	0.011203028967091102	FALSE	986757	1973.514	564.4753470205937	FALSE	TRUE	TRUE	MHS517	MHS357
74	825	Staphylococcus_warneri	non_contaminant	0.007676149477451311	FALSE	986757	1973.514	836.0721028581505	FALSE	TRUE	TRUE	MHS517	MHS357
65	1556	Moraxella_osloensis	non_contaminant	0.006742563730193719	FALSE	986757	1973.514	1576.8826570270087	FALSE	TRUE	TRUE	MHS517	MHS357
