paired_counts	distinct_minimizer_count	k2_taxon	source	rel_abun	abun_filter	species_microbial_read_pair_total	minimizer_threshold	minimizer_microbe_ratio	minimizer_filter	mtx_filter	taxa_pass_filter	mgx_LIBID	matched_mtx_LIBID
9502335	832525	Cutibacterium_acnes	non_contaminant	86.449921131557	TRUE	11356019	22712.038	73311.342645693	TRUE	TRUE	TRUE	MHS543	MHS432
387628	283867	Cutibacterium_granulosum	non_contaminant	3.526544794346145	TRUE	11356019	22712.038	24997.052224023224	TRUE	FALSE	TRUE	MHS543	MHS432
19105	100526	Cutibacterium_avidum	non_contaminant	0.17381262007900128	TRUE	11356019	22712.038	8852.221892196552	TRUE	FALSE	TRUE	MHS543	MHS432
94952	397971	Corynebacterium_kefirresidentii	non_contaminant	0.8638500864559711	TRUE	11356019	22712.038	35044.93960427505	TRUE	FALSE	TRUE	MHS543	MHS432
350361	745809	Staphylococcus_capitis	non_contaminant	3.1874987376864152	TRUE	11356019	22712.038	65675.21593614804	TRUE	TRUE	TRUE	MHS543	MHS432
116096	563380	Staphylococcus_epidermidis	non_contaminant	1.0562130301330401	TRUE	11356019	22712.038	49610.695438251736	TRUE	TRUE	TRUE	MHS543	MHS432
466349	1508538	Malassezia_restricta	non_contaminant	4.242729210218381	TRUE	11356019	22712.038	132840.3906333725	TRUE	TRUE	TRUE	MHS543	MHS432
54896	1387701	Malassezia_globosa	non_contaminant	0.49943038952404367	TRUE	11356019	22712.038	122199.60181468523	TRUE	TRUE	TRUE	MHS543	MHS432
