paired_counts	distinct_minimizer_count	k2_taxon	source	rel_abun	abun_filter	species_microbial_read_pair_total	minimizer_threshold	minimizer_microbe_ratio	minimizer_filter	mtx_filter	taxa_pass_filter	mgx_LIBID	matched_mtx_LIBID
15058183	986465	Cutibacterium_acnes	non_contaminant	98.19619345367101	TRUE	15392079	30784.158000000003	64089.1331184046	TRUE	TRUE	TRUE	MHS523	MHS418
20763	64491	Cutibacterium_modestum	non_contaminant	0.13539798026618294	TRUE	15392079	30784.158000000003	4189.88234143029	TRUE	FALSE	TRUE	MHS523	MHS418
2125	69147	Staphylococcus_capitis	non_contaminant	0.013857376490181511	FALSE	15392079	30784.158000000003	4492.375591367481	TRUE	TRUE	TRUE	MHS523	MHS418
1625	45780	Staphylococcus_epidermidis	non_contaminant	0.010596817316021155	FALSE	15392079	30784.158000000003	2974.2570837896556	TRUE	TRUE	TRUE	MHS523	MHS418
249128	1493415	Malassezia_restricta	non_contaminant	1.624593171880442	TRUE	15392079	30784.158000000003	97024.90482279878	TRUE	TRUE	TRUE	MHS523	MHS418
1634	64777	Malassezia_globosa	non_contaminant	0.010655507381156042	FALSE	15392079	30784.158000000003	4208.463327143786	TRUE	TRUE	TRUE	MHS523	MHS418
1209	46874	Malassezia_dermatis	non_contaminant	0.00788403208311974	FALSE	15392079	30784.158000000003	3045.332602567853	TRUE	TRUE	TRUE	MHS523	MHS418
126	4971	Malassezia_sympodialis	non_contaminant	8.216609118884096e-4	FALSE	15392079	30784.158000000003	322.95832161464347	FALSE	TRUE	TRUE	MHS523	MHS418
