paired_counts	distinct_minimizer_count	k2_taxon	source	rel_abun	abun_filter	species_microbial_read_pair_total	minimizer_threshold	minimizer_microbe_ratio	minimizer_filter	mtx_filter	taxa_pass_filter	mgx_LIBID	matched_mtx_LIBID
1455966	962333	Cutibacterium_acnes	non_contaminant	70.66544034673467	TRUE	2167620	4335.24	443958.35063341365	TRUE	TRUE	TRUE	MHS554	MHS437
11959	74098	Cutibacterium_modestum	non_contaminant	0.5804311372014181	TRUE	2167620	4335.24	34184.035947260134	TRUE	FALSE	TRUE	MHS554	MHS437
4874	16460	Cutibacterium_avidum	non_contaminant	0.23656002698550985	TRUE	2167620	4335.24	7593.581900886687	TRUE	FALSE	TRUE	MHS554	MHS437
5375	185133	Staphylococcus_capitis	non_contaminant	0.26087610690338847	TRUE	2167620	4335.24	85408.42029507017	TRUE	TRUE	TRUE	MHS554	MHS437
526871	1561807	Malassezia_restricta	non_contaminant	25.5717312223805	TRUE	2167620	4335.24	720516.972532086	TRUE	TRUE	TRUE	MHS554	MHS437
20175	585463	Malassezia_sympodialis	non_contaminant	0.9791954338187652	TRUE	2167620	4335.24	270094.85057344	TRUE	TRUE	TRUE	MHS554	MHS437
19403	435750	Malassezia_arunalokei	non_contaminant	0.9417263446039902	TRUE	2167620	4335.24	201026.93276496805	TRUE	TRUE	TRUE	MHS554	MHS437
15302	539449	Malassezia_dermatis	non_contaminant	0.7426839419229117	TRUE	2167620	4335.24	248866.9600760281	TRUE	TRUE	TRUE	MHS554	MHS437
440	17477	Malassezia_globosa	non_contaminant	0.02135543944883552	FALSE	2167620	4335.24	8062.760077873429	TRUE	TRUE	TRUE	MHS554	MHS437
