paired_counts	distinct_minimizer_count	k2_taxon	source	rel_abun	abun_filter	species_microbial_read_pair_total	minimizer_threshold	minimizer_microbe_ratio	minimizer_filter	mtx_filter	taxa_pass_filter	mgx_LIBID	matched_mtx_LIBID
14743418	955180	Cutibacterium_acnes	non_contaminant	94.99809242434405	TRUE	15655387	31310.773999999998	61012.86413424338	TRUE	TRUE	TRUE	MHS447	MHS379
91843	380301	Cutibacterium_granulosum	non_contaminant	0.5917833844586806	TRUE	15655387	31310.773999999998	24292.02165363271	TRUE	TRUE	TRUE	MHS447	MHS379
286612	454258	Corynebacterium_kefirresidentii	non_contaminant	1.8467626208472212	TRUE	15655387	31310.773999999998	29016.08245136323	TRUE	TRUE	TRUE	MHS447	MHS379
21911	57785	Corynebacterium_tuberculostearicum	non_contaminant	0.14118186183894416	TRUE	15655387	31310.773999999998	3691.061741239613	TRUE	FALSE	TRUE	MHS447	MHS379
69636	703856	Staphylococcus_capitis	non_contaminant	0.4486942691349877	TRUE	15655387	31310.773999999998	44959.34849774075	TRUE	TRUE	TRUE	MHS447	MHS379
6719	155856	Staphylococcus_epidermidis	non_contaminant	0.04329336541900716	FALSE	15655387	31310.773999999998	9955.423011899993	TRUE	TRUE	TRUE	MHS447	MHS379
15	149	Streptococcus_pneumoniae	non_contaminant	9.665135902442437e-5	FALSE	15655387	31310.773999999998	9.51749068866838	FALSE	TRUE	TRUE	MHS447	MHS379
293572	1513896	Malassezia_restricta	non_contaminant	1.8916088514345544	TRUE	15655387	31310.773999999998	96701.28244035105	TRUE	TRUE	TRUE	MHS447	MHS379
5973	226548	Malassezia_globosa	non_contaminant	0.03848657116352579	FALSE	15655387	31310.773999999998	14470.929399573452	TRUE	TRUE	TRUE	MHS447	MHS379
