paired_counts	distinct_minimizer_count	k2_taxon	source	rel_abun	abun_filter	species_microbial_read_pair_total	minimizer_threshold	minimizer_microbe_ratio	minimizer_filter	mtx_filter	taxa_pass_filter	mgx_LIBID	matched_mtx_LIBID
7946180	685757	Cutibacterium_acnes	non_contaminant	89.68635880615781	TRUE	8887621	17775.242	77158.66821953817	TRUE	TRUE	TRUE	MHS461	MHS331
106791	313144	Cutibacterium_granulosum	non_contaminant	1.2053207885132728	TRUE	8887621	17775.242	35233.72565054248	TRUE	TRUE	TRUE	MHS461	MHS331
121928	427222	Corynebacterium_kefirresidentii	non_contaminant	1.3761679645461353	TRUE	8887621	17775.242	48069.331489270306	TRUE	TRUE	TRUE	MHS461	MHS331
10124	49069	Corynebacterium_tuberculostearicum	non_contaminant	0.11426681708110585	TRUE	8887621	17775.242	5521.050008770627	TRUE	FALSE	TRUE	MHS461	MHS331
32128	561190	Staphylococcus_capitis	non_contaminant	0.3626199426295702	TRUE	8887621	17775.242	63142.88154276606	TRUE	TRUE	TRUE	MHS461	MHS331
4994	121812	Staphylococcus_epidermidis	non_contaminant	0.05636591115201923	FALSE	8887621	17775.242	13705.804961755233	TRUE	TRUE	TRUE	MHS461	MHS331
629743	1466953	Malassezia_restricta	non_contaminant	7.107736881579103	TRUE	8887621	17775.242	165055.75564034516	TRUE	TRUE	TRUE	MHS461	MHS331
8077	154959	Malassezia_arunalokei	non_contaminant	0.09116288834098103	FALSE	8887621	17775.242	17435.37443822143	TRUE	TRUE	TRUE	MHS461	MHS331
