paired_counts	distinct_minimizer_count	k2_taxon	source	rel_abun	abun_filter	species_microbial_read_pair_total	minimizer_threshold	minimizer_microbe_ratio	minimizer_filter	mtx_filter	taxa_pass_filter	mgx_LIBID	matched_mtx_LIBID
20298386	904747	Cutibacterium_acnes	non_contaminant	98.59126648948617	TRUE	20643638	41287.276	43826.916554146126	TRUE	TRUE	TRUE	MHS471	MHS415
60228	280560	Cutibacterium_granulosum	non_contaminant	0.2925333471404462	TRUE	20643638	41287.276	13590.627775976309	TRUE	TRUE	TRUE	MHS471	MHS415
20809	47838	Cutibacterium_avidum	non_contaminant	0.10107136914135528	TRUE	20643638	41287.276	2317.3241073109302	TRUE	FALSE	TRUE	MHS471	MHS415
2756	94604	Staphylococcus_capitis	non_contaminant	0.013386164320898416	FALSE	20643638	41287.276	4582.719383085481	TRUE	TRUE	TRUE	MHS471	MHS415
1821	63956	Staphylococcus_epidermidis	non_contaminant	0.008844776933365753	FALSE	20643638	41287.276	3098.097341176008	TRUE	TRUE	TRUE	MHS471	MHS415
200006	1509581	Malassezia_restricta	non_contaminant	0.9714489046319333	TRUE	20643638	41287.276	73125.72522343203	TRUE	TRUE	TRUE	MHS471	MHS415
2124	83940	Malassezia_globosa	non_contaminant	0.010316477872854947	FALSE	20643638	41287.276	4066.143767876573	TRUE	TRUE	TRUE	MHS471	MHS415
1473	40402	Malassezia_arunalokei	non_contaminant	0.007154506547417767	FALSE	20643638	41287.276	1957.1162796014928	FALSE	TRUE	TRUE	MHS471	MHS415
819	31449	Malassezia_sympodialis	non_contaminant	0.0039779639255500005	FALSE	20643638	41287.276	1523.423342339175	FALSE	TRUE	TRUE	MHS471	MHS415
