paired_counts	distinct_minimizer_count	k2_taxon	source	rel_abun	abun_filter	species_microbial_read_pair_total	minimizer_threshold	minimizer_microbe_ratio	minimizer_filter	mtx_filter	taxa_pass_filter	mgx_LIBID	matched_mtx_LIBID
10171420	614789	Cutibacterium_modestum	non_contaminant	61.62847940990335	TRUE	16538479	33076.958	37173.249124057904	TRUE	TRUE	TRUE	MHS493	MHS411
6182998	920052	Cutibacterium_acnes	non_contaminant	37.46269104357834	TRUE	16538479	33076.958	55630.99242681265	TRUE	TRUE	TRUE	MHS493	MHS411
6342	141920	Corynebacterium_kefirresidentii	non_contaminant	0.03842608174842913	FALSE	16538479	33076.958	8581.20024217463	TRUE	TRUE	TRUE	MHS493	MHS411
6528	204851	Staphylococcus_epidermidis	non_contaminant	0.039553052925535376	FALSE	16538479	33076.958	12386.326457227417	TRUE	TRUE	TRUE	MHS493	MHS411
6101	199728	Staphylococcus_capitis	non_contaminant	0.036965866406049534	FALSE	16538479	33076.958	12076.563993581272	TRUE	TRUE	TRUE	MHS493	MHS411
130790	1322230	Malassezia_restricta	non_contaminant	0.7924546250200325	TRUE	16538479	33076.958	79948.70628671476	TRUE	TRUE	TRUE	MHS493	MHS411
236	9054	Malassezia_globosa	non_contaminant	0.0014299204182638403	FALSE	16538479	33076.958	547.4505847847314	FALSE	TRUE	TRUE	MHS493	MHS411
