paired_counts	distinct_minimizer_count	k2_taxon	source	rel_abun	abun_filter	species_microbial_read_pair_total	minimizer_threshold	minimizer_microbe_ratio	minimizer_filter	mtx_filter	taxa_pass_filter	mgx_LIBID	matched_mtx_LIBID
7001631	948653	Cutibacterium_acnes	non_contaminant	83.74182047950639	TRUE	8519997	17039.994	111344.2880320263	TRUE	TRUE	TRUE	MHS534	MHS430
879860	617390	Cutibacterium_modestum	non_contaminant	10.523416353575115	TRUE	8519997	17039.994	72463.64053884057	TRUE	TRUE	TRUE	MHS534	MHS430
23844	301788	Cutibacterium_granulosum	non_contaminant	0.28518211935381205	TRUE	8519997	17039.994	35421.139232795504	TRUE	FALSE	TRUE	MHS534	MHS430
70160	369902	Corynebacterium_kefirresidentii	non_contaminant	0.8391367846780512	TRUE	8519997	17039.994	43415.742986763966	TRUE	TRUE	TRUE	MHS534	MHS430
27489	158556	Corynebacterium_segmentosum	non_contaminant	0.32877752385996223	TRUE	8519997	17039.994	18609.86570769919	TRUE	FALSE	TRUE	MHS534	MHS430
54389	578017	Staphylococcus_epidermidis	non_contaminant	0.6505104130823052	TRUE	8519997	17039.994	67842.39478018596	TRUE	TRUE	TRUE	MHS534	MHS430
280547	1376392	Malassezia_restricta	non_contaminant	3.3554348279799493	TRUE	8519997	17039.994	161548.413690756	TRUE	TRUE	TRUE	MHS534	MHS430
14659	539008	Malassezia_globosa	non_contaminant	0.17532648413049534	TRUE	8519997	17039.994	63263.8720412695	TRUE	TRUE	TRUE	MHS534	MHS430
8394	183271	Malassezia_arunalokei	non_contaminant	0.10039501383391622	FALSE	8519997	17039.994	21510.688325359737	TRUE	TRUE	TRUE	MHS534	MHS430
