paired_counts	distinct_minimizer_count	k2_taxon	source	rel_abun	abun_filter	species_microbial_read_pair_total	minimizer_threshold	minimizer_microbe_ratio	minimizer_filter	mtx_filter	taxa_pass_filter	mgx_LIBID	matched_mtx_LIBID
1419946	962034	Cutibacterium_acnes	non_contaminant	71.83180600627793	TRUE	2074687	4149.374	463700.7895648838	TRUE	TRUE	TRUE	MHS554	MHS437
11809	66953	Cutibacterium_modestum	non_contaminant	0.5973901804210414	TRUE	2074687	4149.374	32271.373947009837	TRUE	FALSE	TRUE	MHS554	MHS437
4926	16145	Cutibacterium_avidum	non_contaminant	0.24919502318181472	TRUE	2074687	4149.374	7781.896739122576	TRUE	FALSE	TRUE	MHS554	MHS437
3880	136714	Staphylococcus_capitis	non_contaminant	0.1962802862252215	TRUE	2074687	4149.374	65896.20506611359	TRUE	TRUE	TRUE	MHS554	MHS437
485600	1552246	Malassezia_restricta	non_contaminant	24.56538839973391	TRUE	2074687	4149.374	748183.2199266684	TRUE	TRUE	TRUE	MHS554	MHS437
18635	505806	Malassezia_sympodialis	non_contaminant	0.9427018386100524	TRUE	2074687	4149.374	243798.70312967693	TRUE	TRUE	TRUE	MHS554	MHS437
17300	382416	Malassezia_arunalokei	non_contaminant	0.8751672555918381	TRUE	2074687	4149.374	184324.67162516562	TRUE	TRUE	TRUE	MHS554	MHS437
14315	472643	Malassezia_dermatis	non_contaminant	0.7241629632252696	TRUE	2074687	4149.374	227814.1232870308	TRUE	TRUE	TRUE	MHS554	MHS437
354	13928	Malassezia_globosa	non_contaminant	0.017908046732919694	FALSE	2074687	4149.374	6713.301813719371	TRUE	TRUE	TRUE	MHS554	MHS437
