paired_counts	distinct_minimizer_count	k2_taxon	source	rel_abun	abun_filter	species_microbial_read_pair_total	minimizer_threshold	minimizer_microbe_ratio	minimizer_filter	mtx_filter	taxa_pass_filter	mgx_LIBID	matched_mtx_LIBID
14860551	570814	Corynebacterium_tuberculostearicum	non_contaminant	76.93299007099057	TRUE	20232395	40464.79	28212.87346357166	TRUE	TRUE	TRUE	MHS547	MHS434
339538	151495	Corynebacterium_kefirresidentii	non_contaminant	1.7577863420221767	TRUE	20232395	40464.79	7487.744283363388	TRUE	FALSE	TRUE	MHS547	MHS434
39645	565537	Cutibacterium_acnes	non_contaminant	0.20524194502373577	TRUE	20232395	40464.79	27952.05411914902	TRUE	FALSE	TRUE	MHS547	MHS434
2168316	711992	Staphylococcus_epidermidis	non_contaminant	11.225359900771512	TRUE	20232395	40464.79	35190.69294564484	TRUE	TRUE	TRUE	MHS547	MHS434
1711309	615471	Staphylococcus_hominis	non_contaminant	8.859437197543805	TRUE	20232395	40464.79	30420.076318201576	TRUE	TRUE	TRUE	MHS547	MHS434
47302	546366	Staphylococcus_capitis	non_contaminant	0.24488219153771593	TRUE	20232395	40464.79	27004.514295020435	TRUE	TRUE	TRUE	MHS547	MHS434
39717	128102	Staphylococcus_warneri	non_contaminant	0.20561468862423288	TRUE	20232395	40464.79	6331.5292134223355	TRUE	FALSE	TRUE	MHS547	MHS434
37904	61539	Staphylococcus_haemolyticus	non_contaminant	0.19622879768393695	TRUE	20232395	40464.79	3041.607283764478	TRUE	FALSE	TRUE	MHS547	MHS434
71945	915699	Moraxella_osloensis	non_contaminant	0.3724588658023122	TRUE	20232395	40464.79	45259.051140510055	TRUE	FALSE	TRUE	MHS547	MHS434
