paired_counts	distinct_minimizer_count	k2_taxon	source	rel_abun	abun_filter	species_microbial_read_pair_total	minimizer_threshold	minimizer_microbe_ratio	minimizer_filter	mtx_filter	taxa_pass_filter	mgx_LIBID	matched_mtx_LIBID
9931569	823929	Cutibacterium_acnes	non_contaminant	87.88964114744677	TRUE	11651751	23303.502	70712.89113541818	TRUE	TRUE	TRUE	MHS543	MHS432
397632	284202	Cutibacterium_granulosum	non_contaminant	3.5188532435047826	TRUE	11651751	23303.502	24391.355428038238	TRUE	FALSE	TRUE	MHS543	MHS432
19869	90488	Cutibacterium_avidum	non_contaminant	0.17583115819450276	TRUE	11651751	23303.502	7766.043060824077	TRUE	FALSE	TRUE	MHS543	MHS432
95670	393301	Corynebacterium_kefirresidentii	non_contaminant	0.8466337965910755	TRUE	11651751	23303.502	33754.66914801046	TRUE	FALSE	TRUE	MHS543	MHS432
263954	743840	Staphylococcus_capitis	non_contaminant	2.3358668040702493	TRUE	11651751	23303.502	63839.33195963422	TRUE	TRUE	TRUE	MHS543	MHS432
86830	547313	Staphylococcus_epidermidis	non_contaminant	0.7684040196300104	TRUE	11651751	23303.502	46972.596650923966	TRUE	TRUE	TRUE	MHS543	MHS432
453598	1500933	Malassezia_restricta	non_contaminant	4.014125607464395	TRUE	11651751	23303.502	128816.08953023455	TRUE	TRUE	TRUE	MHS543	MHS432
50923	1180017	Malassezia_globosa	non_contaminant	0.45064422309822655	TRUE	11651751	23303.502	101273.79138122672	TRUE	TRUE	TRUE	MHS543	MHS432
