paired_counts	distinct_minimizer_count	k2_taxon	source	rel_abun	abun_filter	species_microbial_read_pair_total	minimizer_threshold	minimizer_microbe_ratio	minimizer_filter	mtx_filter	taxa_pass_filter	mgx_LIBID	matched_mtx_LIBID
8640991	933838	Cutibacterium_acnes	non_contaminant	90.66499025620519	TRUE	9692854	19385.708000000002	96342.93470220432	TRUE	TRUE	TRUE	MHS572	MHS594
175440	614436	Cutibacterium_modestum	non_contaminant	1.8407918594694335	TRUE	9692854	19385.708000000002	63390.6174590064	TRUE	TRUE	TRUE	MHS572	MHS594
102930	386337	Cutibacterium_granulosum	non_contaminant	1.0799857848562973	TRUE	9692854	19385.708000000002	39857.92007183849	TRUE	TRUE	TRUE	MHS572	MHS594
24438	525225	Staphylococcus_epidermidis	non_contaminant	0.25641399601980175	TRUE	9692854	19385.708000000002	54186.826707593034	TRUE	TRUE	TRUE	MHS572	MHS594
518718	1479934	Malassezia_restricta	non_contaminant	5.442612128136489	TRUE	9692854	19385.708000000002	152682.99718534912	TRUE	TRUE	TRUE	MHS572	MHS594
62242	1547271	Malassezia_globosa	non_contaminant	0.653069806868995	TRUE	9692854	19385.708000000002	159630.07386678885	TRUE	TRUE	TRUE	MHS572	MHS594
5922	118142	Malassezia_arunalokei	non_contaminant	0.062136168443786964	FALSE	9692854	19385.708000000002	12188.566958709993	TRUE	TRUE	TRUE	MHS572	MHS594
