paired_counts	distinct_minimizer_count	k2_taxon	source	rel_abun	abun_filter	species_microbial_read_pair_total	minimizer_threshold	minimizer_microbe_ratio	minimizer_filter	mtx_filter	taxa_pass_filter	mgx_LIBID	matched_mtx_LIBID
14292614	981929	Cutibacterium_acnes	non_contaminant	98.3351850083401	TRUE	14578556	29157.112	67354.33879734042	TRUE	TRUE	TRUE	MHS523	MHS418
19075	60428	Cutibacterium_modestum	non_contaminant	0.13123867012948698	TRUE	14578556	29157.112	4144.992137767279	TRUE	FALSE	TRUE	MHS523	MHS418
809	29911	Staphylococcus_capitis	non_contaminant	0.005566033244285975	FALSE	14578556	29157.112	2051.712117441535	TRUE	TRUE	TRUE	MHS523	MHS418
686	21545	Staphylococcus_epidermidis	non_contaminant	0.0047197760266751284	FALSE	14578556	29157.112	1477.855557162177	FALSE	TRUE	TRUE	MHS523	MHS418
218875	1446777	Malassezia_restricta	non_contaminant	1.5058906382485697	TRUE	14578556	29157.112	99240.07562888943	TRUE	TRUE	TRUE	MHS523	MHS418
1332	49610	Malassezia_globosa	non_contaminant	0.009164346454127217	FALSE	14578556	29157.112	3402.943336774918	TRUE	TRUE	TRUE	MHS523	MHS418
1085	38340	Malassezia_dermatis	non_contaminant	0.0074649518789249485	FALSE	14578556	29157.112	2629.8900933672717	TRUE	TRUE	TRUE	MHS523	MHS418
112	4083	Malassezia_sympodialis	non_contaminant	7.705756778245108e-4	FALSE	14578556	29157.112	280.06889022479317	FALSE	TRUE	TRUE	MHS523	MHS418
