paired_counts	distinct_minimizer_count	k2_taxon	source	rel_abun	abun_filter	species_microbial_read_pair_total	minimizer_threshold	minimizer_microbe_ratio	minimizer_filter	taxa_pass_filter	mtx_LIBID
4006028	721823	Cutibacterium_acnes	non_contaminant	77.74807741760188	TRUE	5228349	52283.49	138059.4524198748	TRUE	TRUE	MHS586
36324	140648	Cutibacterium_granulosum	non_contaminant	0.7049679043973159	TRUE	5228349	52283.49	26901.035106875996	TRUE	TRUE	MHS586
34568	287392	Staphylococcus_capitis	non_contaminant	0.6708878570423525	TRUE	5228349	52283.49	54968.02145380885	TRUE	TRUE	MHS586
22301	239915	Staphylococcus_epidermidis	non_contaminant	0.43281271985366543	TRUE	5228349	52283.49	45887.33460601043	TRUE	TRUE	MHS586
1006809	1376224	Malassezia_restricta	non_contaminant	19.539919360707998	TRUE	5228349	52283.49	263223.4382211287	TRUE	TRUE	MHS586
30136	365180	Malassezia_globosa	non_contaminant	0.5848726122375705	TRUE	5228349	52283.49	69846.14072243456	TRUE	TRUE	MHS586
10371	66465	Malassezia_arunalokei	non_contaminant	0.20127800177581115	TRUE	5228349	52283.49	12712.42604500962	TRUE	TRUE	MHS586
6038	118391	Malassezia_sympodialis	non_contaminant	0.11718412638341025	TRUE	5228349	52283.49	22644.050731884963	TRUE	TRUE	MHS586
