paired_counts	distinct_minimizer_count	k2_taxon	source	rel_abun	abun_filter	species_microbial_read_pair_total	minimizer_threshold	minimizer_microbe_ratio	minimizer_filter	taxa_pass_filter	mtx_LIBID
3732971	714429	Cutibacterium_acnes	non_contaminant	77.84523629538879	TRUE	4846413	48464.13	147413.9740051044	TRUE	TRUE	MHS585
33132	137700	Cutibacterium_granulosum	non_contaminant	0.6909157260902432	TRUE	4846413	48464.13	28412.766307782684	TRUE	TRUE	MHS585
31225	275174	Staphylococcus_capitis	non_contaminant	0.65114824179548	TRUE	4846413	48464.13	56778.90018865499	TRUE	TRUE	MHS585
19927	226116	Staphylococcus_epidermidis	non_contaminant	0.41554622943982483	TRUE	4846413	48464.13	46656.36213834851	TRUE	TRUE	MHS585
939292	1346959	Malassezia_restricta	non_contaminant	19.5874566639731	TRUE	4846413	48464.13	277929.0580476736	TRUE	TRUE	MHS585
23511	343558	Malassezia_globosa	non_contaminant	0.49028490993926443	TRUE	4846413	48464.13	70889.1297543152	TRUE	TRUE	MHS585
9701	64675	Malassezia_arunalokei	non_contaminant	0.20229909026926984	TRUE	4846413	48464.13	13344.92128508239	TRUE	TRUE	MHS585
5616	113143	Malassezia_sympodialis	non_contaminant	0.11711284310403254	TRUE	4846413	48464.13	23345.719813808686	TRUE	TRUE	MHS585
