paired_counts	distinct_minimizer_count	k2_taxon	source	rel_abun	abun_filter	species_microbial_read_pair_total	minimizer_threshold	minimizer_microbe_ratio	minimizer_filter	taxa_pass_filter	mtx_LIBID
2333920	1433421	Malassezia_restricta	non_contaminant	83.2113405186091	TRUE	3196498	31964.98	448434.81835433654	TRUE	TRUE	SMT029_T3_Ch
57381	575221	Malassezia_globosa	non_contaminant	2.0458070243617215	TRUE	3196498	31964.98	179953.49911058915	TRUE	TRUE	SMT029_T3_Ch
25904	90298	Malassezia_arunalokei	non_contaminant	0.9235563193228775	TRUE	3196498	31964.98	28249.040043197274	TRUE	TRUE	SMT029_T3_Ch
116724	283936	Cutibacterium_modestum	non_contaminant	4.161565311019285	TRUE	3196498	31964.98	88827.21027824825	TRUE	TRUE	SMT029_T3_Ch
68467	353604	Cutibacterium_acnes	non_contaminant	2.4410566134604483	TRUE	3196498	31964.98	110622.31229301567	TRUE	TRUE	SMT029_T3_Ch
28141	99314	Corynebacterium_kefirresidentii	non_contaminant	1.0033121673125809	TRUE	3196498	31964.98	31069.62682285426	TRUE	TRUE	SMT029_T3_Ch
146383	517099	Staphylococcus_capitis	non_contaminant	5.218998791361982	TRUE	3196498	31964.98	161770.47506364778	TRUE	TRUE	SMT029_T3_Ch
27890	243115	Staphylococcus_epidermidis	non_contaminant	0.9943632545520017	TRUE	3196498	31964.98	76056.67202044238	TRUE	TRUE	SMT029_T3_Ch
