paired_counts	distinct_minimizer_count	k2_taxon	source	rel_abun	abun_filter	species_microbial_read_pair_total	minimizer_threshold	minimizer_microbe_ratio	minimizer_filter	taxa_pass_filter	mtx_LIBID
1707	16303	Moraxella_osloensis	non_contaminant	2.189050898318778	TRUE	826512	8265.12	19725.06146311245	TRUE	TRUE	SMT028_T2_Tw
1683	8298	Ralstonia_pickettii	non_contaminant	2.158273381294964	TRUE	826512	8265.12	10039.78163656426	TRUE	TRUE	SMT028_T2_Tw
23718	201389	Cutibacterium_acnes	non_contaminant	30.41588119878429	TRUE	826512	8265.12	243661.31405230655	TRUE	TRUE	SMT028_T2_Tw
9536	115145	Staphylococcus_epidermidis	non_contaminant	12.22893343079547	TRUE	826512	8265.12	139314.37172116074	TRUE	TRUE	SMT028_T2_Tw
2561	34665	Staphylococcus_hominis	non_contaminant	3.2842175457494966	TRUE	826512	8265.12	41941.314826644986	TRUE	TRUE	SMT028_T2_Tw
1627	25847	Staphylococcus_capitis	non_contaminant	2.0864591749060644	TRUE	826512	8265.12	31272.383220086336	TRUE	TRUE	SMT028_T2_Tw
23118	193045	Malassezia_globosa	non_contaminant	29.64644327318894	TRUE	826512	8265.12	233565.87684147357	TRUE	TRUE	SMT028_T2_Tw
10057	76045	Malassezia_furfur	non_contaminant	12.897062029520768	TRUE	826512	8265.12	92007.1335927367	TRUE	TRUE	SMT028_T2_Tw
3972	41366	Malassezia_restricta	non_contaminant	5.093679067441234	TRUE	826512	8265.12	50048.88011305341	TRUE	TRUE	SMT028_T2_Tw
