paired_counts	distinct_minimizer_count	k2_taxon	source	rel_abun	abun_filter	species_microbial_read_pair_total	minimizer_threshold	minimizer_microbe_ratio	minimizer_filter	taxa_pass_filter	mtx_LIBID
1768138	2152670	Malassezia_globosa	non_contaminant	72.31390948461139	TRUE	2518277	25182.77	854818.592235882	TRUE	TRUE	SMT028_T1_Tw
562098	1396562	Malassezia_furfur	non_contaminant	22.988875242476034	TRUE	2518277	25182.77	554570.4463806007	TRUE	TRUE	SMT028_T1_Tw
77050	676420	Malassezia_obtusa	non_contaminant	3.1512171141558563	TRUE	2518277	25182.77	268604.28777294955	TRUE	TRUE	SMT028_T1_Tw
6255	55194	Malassezia_restricta	non_contaminant	0.25581911809273045	TRUE	2518277	25182.77	21917.36651686848	TRUE	TRUE	SMT028_T1_Tw
6356	34762	Roseomonas_sp._FDAARGOS_362	non_contaminant	0.259949850455219	TRUE	2518277	25182.77	13803.882575268726	TRUE	TRUE	SMT028_T1_Tw
11615	108925	Cutibacterium_acnes	non_contaminant	0.47503422168618137	TRUE	2518277	25182.77	43253.78026325142	TRUE	TRUE	SMT028_T1_Tw
13575	148860	Staphylococcus_epidermidis	non_contaminant	0.5551949685225924	TRUE	2518277	25182.77	59111.845122677136	TRUE	TRUE	SMT028_T1_Tw
