paired_counts	distinct_minimizer_count	k2_taxon	source	rel_abun	abun_filter	species_microbial_read_pair_total	minimizer_threshold	minimizer_microbe_ratio	minimizer_filter	taxa_pass_filter	mtx_LIBID
2066384	2182919	Malassezia_globosa	non_contaminant	98.81695146579135	TRUE	2116249	21162.489999999998	1031503.8542250936	TRUE	TRUE	SMT029_T1_Ac
12358	123101	Malassezia_restricta	non_contaminant	0.5909743233659617	TRUE	2116249	21162.489999999998	58169.43091290298	TRUE	TRUE	SMT029_T1_Ac
3188	39760	Moraxella_osloensis	non_contaminant	0.15245396851356902	TRUE	2116249	21162.489999999998	18787.9592618827	TRUE	TRUE	SMT029_T1_Ac
5724	79964	Cutibacterium_acnes	non_contaminant	0.2737285181216026	TRUE	2116249	21162.489999999998	37785.72370264558	TRUE	TRUE	SMT029_T1_Ac
3469	52109	Staphylococcus_epidermidis	non_contaminant	0.16589172420751913	TRUE	2116249	21162.489999999998	24623.28393303435	TRUE	TRUE	SMT029_T1_Ac
