paired_counts	distinct_minimizer_count	k2_taxon	source	rel_abun	abun_filter	species_microbial_read_pair_total	minimizer_threshold	minimizer_microbe_ratio	minimizer_filter	taxa_pass_filter	mtx_LIBID
8350409	1525788	Malassezia_restricta	non_contaminant	83.36254872851386	TRUE	10119874	101198.73999999999	150771.44241123952	TRUE	TRUE	SMT029_T2_Ch
258659	1342504	Malassezia_globosa	non_contaminant	2.582205672987834	TRUE	10119874	101198.73999999999	132660.14972123172	TRUE	TRUE	SMT029_T2_Ch
98580	239575	Malassezia_arunalokei	non_contaminant	0.9841290472906054	TRUE	10119874	101198.73999999999	23673.71372410368	TRUE	TRUE	SMT029_T2_Ch
541772	519776	Cutibacterium_modestum	non_contaminant	5.4085368452903815	TRUE	10119874	101198.73999999999	51361.904308294754	TRUE	TRUE	SMT029_T2_Ch
261780	592046	Cutibacterium_acnes	non_contaminant	2.613362771350524	TRUE	10119874	101198.73999999999	58503.29757070098	TRUE	TRUE	SMT029_T2_Ch
100113	251840	Corynebacterium_kefirresidentii	non_contaminant	0.9994330626030064	TRUE	10119874	101198.73999999999	24885.685335607934	TRUE	TRUE	SMT029_T2_Ch
327459	613489	Staphylococcus_capitis	non_contaminant	3.2690394978366233	TRUE	10119874	101198.73999999999	60622.197470047555	TRUE	TRUE	SMT029_T2_Ch
78207	379681	Staphylococcus_epidermidis	non_contaminant	0.7807443741271695	TRUE	10119874	101198.73999999999	37518.35250122679	TRUE	TRUE	SMT029_T2_Ch
