paired_counts	distinct_minimizer_count	k2_taxon	source	rel_abun	abun_filter	species_microbial_read_pair_total	minimizer_threshold	minimizer_microbe_ratio	minimizer_filter	taxa_pass_filter	mtx_LIBID
5542910	1492419	Malassezia_restricta	non_contaminant	80.20543226625915	TRUE	7212329	72123.29000000001	206926.0844867171	TRUE	TRUE	SMT029_T1_Ch
251433	1378569	Malassezia_globosa	non_contaminant	3.6382139437592054	TRUE	7212329	72123.29000000001	191140.6149109393	TRUE	TRUE	SMT029_T1_Ch
60809	185931	Malassezia_arunalokei	non_contaminant	0.8799010142107581	TRUE	7212329	72123.29000000001	25779.606005216898	TRUE	TRUE	SMT029_T1_Ch
463756	502376	Cutibacterium_modestum	non_contaminant	6.710509542112588	TRUE	7212329	72123.29000000001	69655.16964076375	TRUE	TRUE	SMT029_T1_Ch
259091	592497	Cutibacterium_acnes	non_contaminant	3.7490245469071932	TRUE	7212329	72123.29000000001	82150.57854404589	TRUE	TRUE	SMT029_T1_Ch
67485	174535	Corynebacterium_kefirresidentii	non_contaminant	0.9765021615881367	TRUE	7212329	72123.29000000001	24199.53388149653	TRUE	TRUE	SMT029_T1_Ch
198948	555375	Staphylococcus_capitis	non_contaminant	2.8787604955714103	TRUE	7212329	72123.29000000001	77003.55876721653	TRUE	TRUE	SMT029_T1_Ch
52667	304859	Staphylococcus_epidermidis	non_contaminant	0.7620869725770527	TRUE	7212329	72123.29000000001	42269.147732999976	TRUE	TRUE	SMT029_T1_Ch
13792	110805	Moraxella_osloensis	non_contaminant	0.19956905701450073	TRUE	7212329	72123.29000000001	15363.275857216164	TRUE	TRUE	SMT029_T1_Ch
